{"type":"FeatureCollection","features":[{"type":"Feature","properties":{"nam_ja":"京都府","id":26},"geometry":{"type":"MultiPolygon","coordinates":[[[[135.037,35.537],[134.925,35.515],[134.919,35.538],[134.855,35.594],[134.87,35.66],[134.923,35.646],[134.966,35.666],[134.985,35.692],[135.061,35.708],[135.094,35.743],[135.235,35.769],[135.308,35.694],[135.294,35.66],[135.281,35.67],[135.254,35.652],[135.244,35.621],[135.193,35.571],[135.193,35.538],[135.249,35.593],[135.251,35.57],[135.266,35.567],[135.263,35.554],[135.238,35.555],[135.244,35.536],[135.334,35.506],[135.32,35.452],[135.349,35.486],[135.398,35.479],[135.39,35.508],[135.344,35.504],[135.339,35.546],[135.426,35.567],[135.457,35.601],[135.452,35.567],[135.484,35.558],[135.449,35.524],[135.474,35.507],[135.459,35.473],[135.5,35.422],[135.522,35.422],[135.534,35.377],[135.701,35.344],[135.745,35.358],[135.807,35.317],[135.835,35.274],[135.858,35.289],[135.829,35.221],[135.856,35.159],[135.835,35.059],[135.815,35.046],[135.835,35.013],[135.827,34.991],[135.855,34.984],[135.878,34.947],[135.867,34.894],[135.896,34.873],[135.934,34.888],[135.947,34.853],[136.027,34.822],[136.01,34.801],[136.048,34.743],[136.04,34.722],[136.019,34.708],[135.986,34.715],[135.979,34.737],[135.933,34.738],[135.928,34.753],[135.89,34.709],[135.758,34.728],[135.728,34.778],[135.745,34.798],[135.691,34.856],[135.675,34.899],[135.631,34.935],[135.6,34.928],[135.613,34.971],[135.573,34.972],[135.557,34.938],[135.571,34.939],[135.573,34.917],[135.536,34.92],[135.513,34.944],[135.481,34.949],[135.493,34.988],[135.482,34.995],[135.382,35.01],[135.369,35.054],[135.401,35.087],[135.389,35.129],[135.328,35.149],[135.282,35.145],[135.29,35.17],[135.277,35.175],[135.205,35.163],[135.193,35.204],[135.156,35.226],[135.166,35.24],[135.148,35.264],[135.109,35.266],[135.068,35.237],[135.057,35.264],[135.01,35.27],[135,35.289],[134.926,35.311],[134.919,35.364],[134.931,35.402],[134.945,35.413],[134.997,35.387],[135.05,35.42],[135.037,35.537]]],[[[135.423,35.676],[135.424,35.688],[135.427,35.682],[135.423,35.676]]],[[[135.478,35.593],[135.475,35.596],[135.478,35.606],[135.478,35.593]]],[[[135.339,35.494],[135.34,35.499],[135.347,35.497],[135.339,35.494]]]]}},{"type":"Feature","properties":{"nam_ja":"佐賀県","id":41},"geometry":{"type":"MultiPolygon","coordinates":[[[[129.862,33.588],[129.85,33.601],[129.861,33.618],[129.862,33.588]]],[[[129.893,33.593],[129.897,33.604],[129.902,33.596],[129.893,33.593]]],[[[129.837,33.584],[129.842,33.592],[129.845,33.587],[129.837,33.584]]],[[[129.757,33.563],[129.741,33.578],[129.765,33.582],[129.773,33.574],[129.757,33.563]]],[[[129.874,33.544],[129.88,33.567],[129.889,33.56],[129.874,33.544]]],[[[130.039,33.47],[130.271,33.479],[130.429,33.397],[130.475,33.438],[130.536,33.438],[130.536,33.352],[130.476,33.325],[130.488,33.318],[130.458,33.304],[130.467,33.289],[130.45,33.266],[130.431,33.292],[130.415,33.253],[130.374,33.244],[130.377,33.22],[130.342,33.208],[130.355,33.147],[130.288,33.147],[130.247,33.203],[130.247,33.192],[130.221,33.198],[130.224,33.17],[130.149,33.113],[130.122,33.125],[130.118,33.106],[130.14,33.094],[130.19,32.991],[130.221,32.975],[130.211,32.957],[130.061,32.986],[129.982,33.056],[129.939,33.073],[129.921,33.09],[129.956,33.127],[129.941,33.157],[129.818,33.183],[129.813,33.242],[129.762,33.301],[129.79,33.34],[129.836,33.287],[129.847,33.292],[129.827,33.312],[129.848,33.328],[129.827,33.337],[129.847,33.339],[129.862,33.413],[129.841,33.408],[129.789,33.451],[129.801,33.453],[129.805,33.485],[129.826,33.478],[129.834,33.45],[129.854,33.456],[129.831,33.476],[129.844,33.479],[129.835,33.513],[129.855,33.505],[129.84,33.522],[129.855,33.532],[129.851,33.553],[129.877,33.525],[129.896,33.549],[129.927,33.546],[129.968,33.513],[129.939,33.482],[129.97,33.476],[129.96,33.469],[129.977,33.454],[130.019,33.446],[130.039,33.47]]],[[[129.967,33.527],[129.97,33.538],[129.977,33.535],[129.967,33.527]]],[[[129.989,33.472],[129.985,33.478],[129.993,33.478],[129.989,33.472]]],[[[129.856,33.402],[129.856,33.405],[129.858,33.402],[129.856,33.402]]],[[[129.86,33.399],[129.861,33.402],[129.866,33.403],[129.86,33.399]]],[[[129.835,33.319],[129.835,33.323],[129.839,33.319],[129.835,33.319]]],[[[130.217,32.951],[130.216,32.959],[130.224,32.957],[130.217,32.951]]]]}},{"type":"Feature","properties":{"nam_ja":"熊本県","id":43},"geometry":{"type":"MultiPolygon","coordinates":[[[[131.11,33.183],[131.16,33.141],[131.174,33.083],[131.214,33.055],[131.263,32.976],[131.245,32.96],[131.255,32.892],[131.327,32.837],[131.265,32.826],[131.234,32.749],[131.179,32.711],[131.174,32.675],[131.15,32.679],[131.122,32.644],[131.118,32.598],[131.099,32.578],[131.043,32.583],[131.035,32.553],[131.017,32.545],[131.025,32.521],[131.006,32.493],[131.019,32.439],[131.042,32.409],[131.066,32.407],[131.074,32.357],[131.109,32.332],[131.079,32.285],[131.05,32.286],[131.041,32.253],[131.1,32.201],[131.108,32.16],[131.058,32.155],[131.013,32.174],[130.974,32.122],[130.907,32.133],[130.863,32.104],[130.758,32.097],[130.71,32.104],[130.654,32.135],[130.651,32.151],[130.622,32.156],[130.61,32.186],[130.591,32.186],[130.585,32.16],[130.539,32.137],[130.476,32.139],[130.475,32.122],[130.453,32.113],[130.404,32.12],[130.365,32.178],[130.379,32.176],[130.377,32.199],[130.402,32.235],[130.439,32.237],[130.428,32.262],[130.476,32.286],[130.469,32.324],[130.505,32.354],[130.487,32.36],[130.573,32.434],[130.542,32.495],[130.567,32.507],[130.536,32.525],[130.632,32.602],[130.63,32.623],[130.653,32.613],[130.651,32.642],[130.459,32.607],[130.459,32.633],[130.607,32.713],[130.597,32.775],[130.613,32.792],[130.571,32.849],[130.529,32.851],[130.527,32.878],[130.44,32.92],[130.429,32.987],[130.416,32.994],[130.507,33.006],[130.494,33.049],[130.563,33.087],[130.58,33.116],[130.655,33.109],[130.678,33.165],[130.886,33.087],[130.896,33.066],[130.988,33.024],[131.013,33.05],[131.02,33.091],[130.978,33.141],[130.992,33.183],[131.049,33.194],[131.11,33.183]]],[[[130.422,32.546],[130.405,32.559],[130.415,32.581],[130.393,32.587],[130.441,32.625],[130.449,32.561],[130.422,32.546]]],[[[130.487,32.576],[130.473,32.603],[130.504,32.607],[130.51,32.594],[130.487,32.576]]],[[[130.34,32.599],[130.33,32.605],[130.342,32.604],[130.34,32.599]]],[[[130.449,32.594],[130.448,32.597],[130.451,32.597],[130.449,32.594]]],[[[130.471,32.593],[130.47,32.595],[130.473,32.594],[130.471,32.593]]],[[[130.464,32.54],[130.472,32.587],[130.481,32.576],[130.464,32.54]]],[[[130.382,32.58],[130.38,32.583],[130.388,32.587],[130.382,32.58]]],[[[130.454,32.567],[130.452,32.568],[130.455,32.573],[130.454,32.567]]],[[[130.104,32.55],[130.113,32.553],[130.122,32.552],[130.104,32.55]]],[[[130.353,32.405],[130.351,32.416],[130.321,32.398],[130.261,32.41],[130.234,32.385],[130.244,32.408],[130.211,32.431],[130.201,32.394],[130.22,32.388],[130.224,32.369],[130.201,32.328],[130.181,32.311],[130.168,32.316],[130.174,32.334],[130.162,32.329],[130.14,32.305],[130.162,32.302],[130.16,32.29],[130.092,32.255],[130.101,32.237],[130.084,32.237],[130.077,32.212],[130.044,32.199],[130.033,32.215],[130.012,32.189],[130.011,32.201],[129.991,32.196],[130.013,32.231],[129.99,32.239],[129.997,32.248],[129.974,32.24],[129.987,32.276],[130.02,32.301],[130.031,32.28],[130.033,32.302],[130.053,32.278],[130.07,32.3],[129.997,32.307],[129.978,32.334],[129.975,32.354],[130.041,32.482],[130.042,32.503],[130.012,32.529],[130.027,32.538],[130.043,32.512],[130.118,32.548],[130.177,32.55],[130.198,32.536],[130.201,32.448],[130.317,32.517],[130.383,32.524],[130.39,32.503],[130.416,32.523],[130.455,32.526],[130.4,32.399],[130.361,32.382],[130.353,32.405]]],[[[130.389,32.543],[130.391,32.547],[130.395,32.545],[130.389,32.543]]],[[[130.417,32.538],[130.408,32.544],[130.428,32.541],[130.417,32.538]]],[[[130.193,32.54],[130.195,32.544],[130.197,32.541],[130.193,32.54]]],[[[130.401,32.536],[130.394,32.54],[130.402,32.543],[130.401,32.536]]],[[[130.438,32.532],[130.435,32.532],[130.438,32.538],[130.438,32.532]]],[[[130.433,32.528],[130.43,32.532],[130.436,32.529],[130.433,32.528]]],[[[130.373,32.527],[130.372,32.528],[130.373,32.533],[130.373,32.527]]],[[[130.426,32.521],[130.422,32.523],[130.428,32.529],[130.426,32.521]]],[[[130.49,32.484],[130.5,32.489],[130.502,32.485],[130.49,32.484]]],[[[130.229,32.404],[130.23,32.407],[130.231,32.406],[130.229,32.404]]],[[[130.232,32.399],[130.23,32.4],[130.231,32.403],[130.232,32.399]]],[[[130.419,32.367],[130.41,32.394],[130.436,32.382],[130.419,32.367]]],[[[130.327,32.386],[130.326,32.392],[130.33,32.395],[130.327,32.386]]],[[[130.406,32.387],[130.398,32.387],[130.399,32.394],[130.406,32.387]]],[[[130.336,32.384],[130.34,32.39],[130.343,32.392],[130.336,32.384]]],[[[130.319,32.37],[130.318,32.377],[130.327,32.379],[130.319,32.37]]],[[[130.23,32.366],[130.234,32.38],[130.234,32.366],[130.23,32.366]]],[[[130.305,32.367],[130.308,32.374],[130.309,32.371],[130.305,32.367]]],[[[130.347,32.361],[130.341,32.366],[130.349,32.373],[130.347,32.361]]],[[[130.309,32.339],[130.317,32.348],[130.302,32.362],[130.333,32.358],[130.337,32.347],[130.309,32.339]]],[[[130.358,32.351],[130.358,32.356],[130.36,32.354],[130.358,32.351]]],[[[130.302,32.304],[130.331,32.314],[130.346,32.35],[130.37,32.35],[130.344,32.313],[130.302,32.304]]],[[[130.287,32.337],[130.284,32.337],[130.289,32.341],[130.287,32.337]]],[[[130.212,32.336],[130.21,32.338],[130.213,32.338],[130.212,32.336]]],[[[130.299,32.323],[130.294,32.333],[130.303,32.336],[130.299,32.323]]],[[[130.136,32.262],[130.137,32.275],[130.15,32.27],[130.136,32.262]]],[[[129.97,32.201],[129.972,32.207],[129.975,32.207],[129.97,32.201]]],[[[130.071,32.194],[130.077,32.201],[130.081,32.198],[130.071,32.194]]],[[[130.362,32.194],[130.36,32.196],[130.367,32.2],[130.362,32.194]]],[[[130.046,32.157],[130.031,32.175],[130.02,32.159],[130.023,32.189],[130.046,32.157]]],[[[129.973,32.177],[129.965,32.181],[129.963,32.187],[129.973,32.177]]],[[[130.013,32.183],[130.013,32.186],[130.015,32.183],[130.013,32.183]]],[[[130.048,32.174],[130.041,32.179],[130.045,32.178],[130.048,32.174]]],[[[130.052,32.162],[130.051,32.169],[130.055,32.162],[130.052,32.162]]],[[[130.045,32.153],[130.04,32.154],[130.041,32.158],[130.045,32.153]]],[[[129.974,32.144],[129.971,32.145],[129.973,32.149],[129.974,32.144]]]]}},{"type":"Feature","properties":{"nam_ja":"香川県","id":37},"geometry":{"type":"MultiPolygon","coordinates":[[[[134.332,34.563],[134.365,34.561],[134.348,34.549],[134.359,34.53],[134.339,34.44],[134.32,34.456],[134.278,34.447],[134.317,34.465],[134.292,34.477],[134.232,34.415],[134.232,34.476],[134.194,34.484],[134.163,34.463],[134.144,34.468],[134.157,34.493],[134.179,34.487],[134.156,34.505],[134.171,34.529],[134.182,34.516],[134.332,34.563]]],[[[134.16,34.528],[134.159,34.531],[134.161,34.531],[134.16,34.528]]],[[[134.156,34.517],[134.16,34.522],[134.162,34.518],[134.156,34.517]]],[[[134.146,34.516],[134.145,34.52],[134.15,34.521],[134.146,34.516]]],[[[133.97,34.504],[133.969,34.51],[133.975,34.506],[133.97,34.504]]],[[[134.007,34.498],[134.018,34.502],[134.02,34.481],[134.007,34.498]]],[[[133.975,34.499],[133.976,34.503],[133.979,34.501],[133.975,34.499]]],[[[134.079,34.46],[134.036,34.483],[134.086,34.498],[134.103,34.48],[134.079,34.46]]],[[[133.981,34.488],[133.977,34.492],[133.984,34.494],[133.981,34.488]]],[[[133.989,34.479],[133.992,34.487],[133.994,34.484],[133.989,34.479]]],[[[134.117,34.473],[134.109,34.478],[134.127,34.482],[134.117,34.473]]],[[[133.972,34.474],[133.972,34.48],[133.975,34.479],[133.972,34.474]]],[[[133.991,34.443],[133.966,34.469],[133.981,34.477],[134.012,34.453],[133.991,34.443]]],[[[133.997,34.471],[133.993,34.475],[133.999,34.476],[133.997,34.471]]],[[[133.958,34.468],[133.95,34.473],[133.953,34.478],[133.958,34.468]]],[[[134.185,34.468],[134.188,34.473],[134.19,34.471],[134.185,34.468]]],[[[134.001,34.461],[134.001,34.472],[134.009,34.469],[134.001,34.461]]],[[[133.959,34.454],[133.965,34.462],[133.967,34.455],[133.959,34.454]]],[[[134.323,34.446],[134.32,34.446],[134.321,34.448],[134.323,34.446]]],[[[134.007,34.436],[134.003,34.44],[134.013,34.442],[134.007,34.436]]],[[[134.349,34.437],[134.344,34.44],[134.345,34.44],[134.35,34.438],[134.349,34.437]]],[[[134.055,34.416],[134.06,34.434],[134.064,34.421],[134.055,34.416]]],[[[133.807,34.413],[133.795,34.425],[133.805,34.427],[133.807,34.413]]],[[[134.122,34.416],[134.124,34.42],[134.128,34.42],[134.122,34.416]]],[[[133.919,34.418],[133.925,34.419],[133.923,34.416],[133.919,34.418]]],[[[133.779,34.413],[133.775,34.414],[133.783,34.413],[133.779,34.413]]],[[[134.102,34.401],[134.103,34.412],[134.111,34.405],[134.102,34.401]]],[[[134.122,34.41],[134.12,34.41],[134.12,34.412],[134.122,34.41]]],[[[134.135,34.41],[134.136,34.412],[134.137,34.41],[134.135,34.41]]],[[[133.666,34.382],[133.651,34.406],[133.67,34.41],[133.666,34.382]]],[[[134.039,34.379],[134.052,34.409],[134.053,34.39],[134.039,34.379]]],[[[133.811,34.404],[133.809,34.408],[133.813,34.408],[133.811,34.404]]],[[[133.779,34.402],[133.783,34.407],[133.787,34.405],[133.779,34.402]]],[[[133.764,34.369],[133.752,34.398],[133.795,34.389],[133.764,34.369]]],[[[133.699,34.352],[133.685,34.361],[133.708,34.4],[133.73,34.374],[133.699,34.352]]],[[[134.135,34.151],[134.122,34.119],[134.05,34.118],[134.001,34.075],[133.972,34.073],[133.939,34.115],[133.854,34.104],[133.798,34.07],[133.777,34.078],[133.711,34.017],[133.689,34.013],[133.598,34.044],[133.627,34.053],[133.634,34.072],[133.648,34.194],[133.565,34.26],[133.647,34.233],[133.672,34.247],[133.671,34.223],[133.732,34.26],[133.735,34.281],[133.74,34.272],[133.772,34.288],[133.762,34.3],[133.778,34.29],[133.771,34.306],[133.789,34.299],[133.826,34.324],[133.819,34.353],[133.856,34.358],[133.831,34.333],[133.857,34.326],[133.89,34.351],[133.895,34.383],[133.921,34.378],[133.927,34.39],[133.997,34.355],[134.057,34.351],[134.063,34.362],[134.068,34.348],[134.074,34.362],[134.079,34.348],[134.091,34.385],[134.115,34.359],[134.132,34.4],[134.157,34.39],[134.155,34.345],[134.172,34.324],[134.189,34.331],[134.182,34.353],[134.213,34.35],[134.204,34.365],[134.23,34.34],[134.247,34.35],[134.265,34.337],[134.247,34.308],[134.262,34.283],[134.338,34.256],[134.377,34.262],[134.437,34.207],[134.418,34.158],[134.349,34.185],[134.343,34.172],[134.174,34.175],[134.135,34.151]]],[[[134.173,34.391],[134.173,34.398],[134.176,34.391],[134.173,34.391]]],[[[133.924,34.392],[133.921,34.393],[133.922,34.396],[133.924,34.392]]],[[[133.822,34.383],[133.813,34.386],[133.82,34.395],[133.822,34.383]]],[[[133.832,34.387],[133.828,34.395],[133.831,34.393],[133.832,34.387]]],[[[133.652,34.374],[133.642,34.377],[133.649,34.383],[133.652,34.374]]],[[[133.854,34.371],[133.85,34.373],[133.851,34.374],[133.854,34.371]]],[[[133.774,34.357],[133.778,34.366],[133.786,34.358],[133.774,34.357]]],[[[133.622,34.331],[133.617,34.35],[133.631,34.339],[133.622,34.331]]],[[[133.644,34.334],[133.639,34.334],[133.645,34.337],[133.644,34.334]]],[[[133.677,34.306],[133.661,34.324],[133.679,34.317],[133.677,34.306]]],[[[133.621,34.301],[133.622,34.302],[133.622,34.301],[133.621,34.301]]],[[[133.622,34.256],[133.622,34.28],[133.654,34.281],[133.622,34.256]]],[[[133.68,34.267],[133.671,34.269],[133.678,34.273],[133.68,34.267]]],[[[133.63,34.196],[133.622,34.201],[133.627,34.203],[133.63,34.196]]],[[[133.633,34.192],[133.63,34.193],[133.635,34.193],[133.633,34.192]]],[[[133.456,34.153],[133.452,34.154],[133.453,34.155],[133.456,34.153]]],[[[133.531,34.125],[133.526,34.133],[133.539,34.133],[133.531,34.125]]]]}},{"type":"Feature","properties":{"nam_ja":"愛知県","id":23},"geometry":{"type":"MultiPolygon","coordinates":[[[[136.961,35.415],[136.991,35.425],[136.978,35.404],[137.047,35.365],[137.046,35.34],[137.072,35.326],[137.063,35.319],[137.08,35.295],[137.161,35.283],[137.184,35.255],[137.305,35.29],[137.427,35.226],[137.52,35.283],[137.561,35.284],[137.553,35.24],[137.577,35.22],[137.577,35.199],[137.694,35.234],[137.78,35.203],[137.838,35.212],[137.803,35.183],[137.823,35.17],[137.821,35.148],[137.792,35.134],[137.795,35.102],[137.718,35.036],[137.701,35.003],[137.707,34.972],[137.661,34.946],[137.634,34.886],[137.597,34.872],[137.593,34.857],[137.502,34.833],[137.487,34.811],[137.485,34.677],[137.15,34.592],[137.018,34.578],[137.065,34.658],[137.089,34.657],[137.102,34.633],[137.134,34.64],[137.128,34.654],[137.221,34.676],[137.285,34.731],[137.301,34.728],[137.301,34.694],[137.285,34.679],[137.305,34.681],[137.325,34.702],[137.312,34.699],[137.308,34.725],[137.352,34.727],[137.329,34.73],[137.331,34.781],[137.298,34.81],[137.251,34.806],[137.216,34.823],[137.179,34.767],[137.168,34.788],[137.032,34.778],[136.998,34.813],[136.951,34.823],[136.975,34.873],[136.983,34.959],[136.958,34.871],[136.944,34.881],[136.941,34.863],[136.928,34.866],[136.914,34.771],[136.963,34.735],[136.973,34.705],[136.918,34.709],[136.851,34.749],[136.841,34.763],[136.866,34.837],[136.857,34.862],[136.821,34.884],[136.823,34.933],[136.846,35.008],[136.864,35.009],[136.874,35.072],[136.896,35.076],[136.869,35.093],[136.846,35.034],[136.849,35.078],[136.828,35.083],[136.818,35.063],[136.832,35.065],[136.838,35.031],[136.812,35.026],[136.81,35.049],[136.797,35.051],[136.786,35.036],[136.796,35.022],[136.77,35.021],[136.751,35.077],[136.678,35.129],[136.678,35.241],[136.77,35.369],[136.831,35.357],[136.918,35.379],[136.961,35.399],[136.961,35.415]]],[[[136.812,34.996],[136.8,35.004],[136.819,35.017],[136.812,34.996]]],[[[136.82,34.95],[136.811,34.955],[136.819,34.964],[136.82,34.95]]],[[[136.809,34.839],[136.809,34.876],[136.824,34.85],[136.809,34.839]]],[[[137.305,34.804],[137.3,34.805],[137.3,34.809],[137.305,34.804]]],[[[137.306,34.785],[137.315,34.796],[137.323,34.789],[137.306,34.785]]],[[[137.23,34.787],[137.234,34.79],[137.235,34.787],[137.23,34.787]]],[[[137.098,34.765],[137.1,34.769],[137.103,34.767],[137.098,34.765]]],[[[137.319,34.733],[137.308,34.735],[137.312,34.744],[137.319,34.733]]],[[[137.049,34.715],[137.031,34.723],[137.038,34.733],[137.049,34.715]]],[[[137.342,34.72],[137.338,34.725],[137.347,34.727],[137.342,34.72]]],[[[137.25,34.711],[137.246,34.713],[137.251,34.714],[137.25,34.711]]],[[[136.999,34.701],[136.999,34.707],[137.012,34.707],[136.999,34.701]]],[[[137.006,34.667],[136.999,34.67],[137.008,34.685],[137.006,34.667]]],[[[137.127,34.649],[137.125,34.652],[137.126,34.653],[137.127,34.649]]],[[[137.095,34.652],[137.092,34.653],[137.094,34.653],[137.095,34.652]]]]}},{"type":"Feature","properties":{"nam_ja":"栃木県","id":9},"geometry":{"type":"Polygon","coordinates":[[[139.961,37.154],[140.101,37.123],[140.186,37.069],[140.205,37.024],[140.244,37.025],[140.252,37.009],[140.241,36.95],[140.264,36.933],[140.25,36.913],[140.266,36.813],[140.255,36.765],[140.288,36.717],[140.221,36.686],[140.246,36.615],[140.255,36.522],[140.207,36.458],[140.202,36.42],[140.177,36.398],[140.13,36.415],[140.101,36.394],[140.066,36.404],[140.069,36.389],[140.045,36.375],[139.973,36.379],[139.965,36.351],[139.913,36.335],[139.904,36.298],[139.878,36.323],[139.835,36.294],[139.841,36.275],[139.822,36.24],[139.727,36.202],[139.665,36.207],[139.627,36.271],[139.572,36.267],[139.527,36.285],[139.459,36.276],[139.418,36.313],[139.418,36.337],[139.367,36.378],[139.409,36.457],[139.431,36.458],[139.438,36.475],[139.421,36.503],[139.442,36.552],[139.483,36.578],[139.471,36.602],[139.398,36.602],[139.331,36.627],[139.337,36.692],[139.367,36.726],[139.353,36.774],[139.401,36.822],[139.349,36.853],[139.357,36.869],[139.466,36.971],[139.506,36.971],[139.583,37.015],[139.611,37.014],[139.673,37.058],[139.815,37.086],[139.823,37.124],[139.848,37.14],[139.961,37.154]]]}},{"type":"Feature","properties":{"nam_ja":"山梨県","id":19},"geometry":{"type":"Polygon","coordinates":[[[138.37,35.971],[138.44,35.952],[138.454,35.9],[138.471,35.897],[138.507,35.92],[138.595,35.917],[138.622,35.87],[138.671,35.871],[138.708,35.909],[138.778,35.9],[138.814,35.862],[138.857,35.864],[138.893,35.84],[138.944,35.855],[139.026,35.719],[139.131,35.672],[139.118,35.653],[139.128,35.571],[139.113,35.537],[139.052,35.51],[139.027,35.481],[138.938,35.449],[138.916,35.401],[138.822,35.374],[138.68,35.358],[138.671,35.393],[138.61,35.393],[138.582,35.446],[138.533,35.411],[138.535,35.331],[138.512,35.314],[138.529,35.198],[138.487,35.17],[138.429,35.182],[138.399,35.2],[138.365,35.312],[138.335,35.327],[138.286,35.305],[138.249,35.332],[138.251,35.362],[138.233,35.376],[138.257,35.407],[138.244,35.456],[138.268,35.514],[138.232,35.639],[138.197,35.67],[138.18,35.713],[138.234,35.762],[138.186,35.79],[138.238,35.882],[138.292,35.867],[138.37,35.971]]]}},{"type":"Feature","properties":{"nam_ja":"滋賀県","id":25},"geometry":{"type":"Polygon","coordinates":[[[136.15,35.698],[136.185,35.704],[136.28,35.661],[136.289,35.62],[136.323,35.616],[136.322,35.544],[136.356,35.54],[136.363,35.559],[136.397,35.532],[136.388,35.496],[136.423,35.454],[136.411,35.421],[136.44,35.394],[136.413,35.371],[136.421,35.353],[136.385,35.237],[136.453,35.158],[136.436,35.13],[136.448,35.124],[136.441,35.065],[136.418,35.048],[136.415,34.985],[136.373,34.942],[136.362,34.905],[136.25,34.858],[136.105,34.899],[136.086,34.886],[136.127,34.862],[136.094,34.84],[136.082,34.808],[136.026,34.791],[136.017,34.828],[135.946,34.852],[135.941,34.893],[135.898,34.871],[135.863,34.903],[135.878,34.947],[135.855,34.984],[135.827,34.991],[135.835,35.013],[135.815,35.046],[135.835,35.059],[135.85,35.124],[135.856,35.159],[135.831,35.215],[135.858,35.289],[135.825,35.283],[135.807,35.317],[135.764,35.345],[135.807,35.385],[135.812,35.412],[135.887,35.403],[135.913,35.431],[135.94,35.52],[135.982,35.487],[136.006,35.492],[136.04,35.532],[136.105,35.529],[136.113,35.583],[136.168,35.566],[136.177,35.596],[136.136,35.666],[136.15,35.698]]]}},{"type":"Feature","properties":{"nam_ja":"群馬県","id":10},"geometry":{"type":"Polygon","coordinates":[[[138.644,36.412],[138.6,36.424],[138.541,36.404],[138.494,36.414],[138.49,36.402],[138.401,36.435],[138.404,36.521],[138.428,36.556],[138.42,36.577],[138.434,36.6],[138.473,36.643],[138.525,36.651],[138.534,36.666],[138.52,36.689],[138.543,36.704],[138.61,36.706],[138.712,36.739],[138.735,36.763],[138.792,36.747],[138.826,36.772],[138.822,36.817],[138.928,36.833],[138.916,36.851],[138.923,36.883],[138.979,36.891],[138.97,36.981],[139.047,36.987],[139.09,37.02],[139.097,37.059],[139.179,36.991],[139.18,36.965],[139.222,36.961],[139.242,36.93],[139.266,36.941],[139.393,36.911],[139.354,36.857],[139.405,36.825],[139.353,36.774],[139.371,36.747],[139.337,36.692],[139.328,36.634],[139.398,36.602],[139.471,36.602],[139.483,36.582],[139.442,36.552],[139.421,36.503],[139.43,36.461],[139.41,36.459],[139.361,36.384],[139.427,36.326],[139.415,36.325],[139.432,36.295],[139.478,36.272],[139.527,36.285],[139.563,36.267],[139.634,36.27],[139.631,36.255],[139.669,36.216],[139.65,36.211],[139.65,36.197],[139.588,36.21],[139.457,36.191],[139.359,36.253],[139.324,36.23],[139.136,36.279],[139.107,36.262],[139.063,36.196],[139.064,36.159],[139.043,36.13],[138.96,36.124],[138.931,36.088],[138.866,36.078],[138.82,36.036],[138.755,36.035],[138.704,35.988],[138.638,36.027],[138.631,36.091],[138.645,36.099],[138.643,36.122],[138.598,36.138],[138.577,36.168],[138.63,36.172],[138.632,36.217],[138.603,36.248],[138.603,36.274],[138.65,36.299],[138.657,36.369],[138.644,36.412]]]}},{"type":"Feature","properties":{"nam_ja":"宮城県","id":4},"geometry":{"type":"MultiPolygon","coordinates":[[[[141.484,38.978],[141.491,38.998],[141.519,39.001],[141.632,38.971],[141.675,38.861],[141.635,38.896],[141.605,38.88],[141.587,38.909],[141.575,38.906],[141.594,38.885],[141.583,38.852],[141.604,38.83],[141.522,38.789],[141.517,38.766],[141.565,38.729],[141.561,38.69],[141.531,38.717],[141.513,38.688],[141.449,38.674],[141.443,38.649],[141.529,38.631],[141.521,38.609],[141.462,38.568],[141.497,38.533],[141.527,38.547],[141.542,38.525],[141.536,38.489],[141.514,38.513],[141.471,38.522],[141.497,38.48],[141.477,38.468],[141.509,38.45],[141.454,38.446],[141.467,38.4],[141.5,38.416],[141.514,38.393],[141.538,38.392],[141.486,38.37],[141.519,38.367],[141.534,38.341],[141.541,38.307],[141.525,38.279],[141.473,38.319],[141.458,38.314],[141.475,38.331],[141.463,38.351],[141.418,38.347],[141.455,38.372],[141.41,38.404],[141.374,38.384],[141.365,38.41],[141.275,38.419],[141.161,38.365],[141.158,38.344],[141.164,38.352],[141.183,38.322],[141.139,38.322],[141.151,38.356],[141.126,38.38],[141.07,38.371],[141.066,38.352],[141.04,38.345],[141.042,38.324],[141.025,38.32],[141.045,38.317],[141.036,38.307],[141.077,38.32],[141.087,38.296],[141.006,38.274],[141.047,38.265],[141.024,38.265],[140.997,38.232],[140.942,38.132],[140.915,38.003],[140.924,37.893],[140.857,37.891],[140.857,37.804],[140.766,37.799],[140.795,37.782],[140.728,37.782],[140.695,37.803],[140.69,37.888],[140.564,37.92],[140.484,37.902],[140.462,37.952],[140.397,37.974],[140.385,37.953],[140.346,37.951],[140.28,37.977],[140.277,38.056],[140.351,38.055],[140.416,38.079],[140.429,38.126],[140.48,38.181],[140.471,38.27],[140.497,38.283],[140.493,38.302],[140.529,38.321],[140.522,38.35],[140.578,38.393],[140.581,38.438],[140.613,38.454],[140.557,38.53],[140.579,38.569],[140.541,38.641],[140.601,38.64],[140.624,38.692],[140.607,38.721],[140.642,38.765],[140.604,38.788],[140.591,38.835],[140.541,38.862],[140.546,38.884],[140.562,38.874],[140.615,38.894],[140.639,38.883],[140.747,38.957],[140.826,38.964],[140.881,38.929],[140.941,38.916],[140.986,38.876],[141.021,38.887],[141.135,38.878],[141.147,38.859],[141.104,38.829],[141.141,38.814],[141.148,38.785],[141.192,38.778],[141.235,38.748],[141.27,38.794],[141.305,38.797],[141.308,38.82],[141.391,38.799],[141.411,38.772],[141.439,38.787],[141.465,38.855],[141.451,38.877],[141.489,38.907],[141.484,38.978]]],[[[141.625,38.831],[141.605,38.877],[141.622,38.881],[141.638,38.841],[141.625,38.831]]],[[[141.643,38.842],[141.641,38.843],[141.641,38.845],[141.643,38.844],[141.643,38.842]]],[[[141.512,38.55],[141.514,38.556],[141.517,38.555],[141.512,38.55]]],[[[141.5,38.479],[141.499,38.479],[141.499,38.479],[141.5,38.479]]],[[[141.527,38.438],[141.52,38.457],[141.531,38.454],[141.527,38.438]]],[[[141.593,38.423],[141.593,38.424],[141.596,38.424],[141.593,38.423]]],[[[141.594,38.396],[141.596,38.402],[141.6,38.399],[141.594,38.396]]],[[[141.601,38.386],[141.602,38.389],[141.606,38.392],[141.601,38.386]]],[[[141.424,38.377],[141.419,38.377],[141.427,38.381],[141.424,38.377]]],[[[141.071,38.366],[141.07,38.368],[141.073,38.366],[141.071,38.366]]],[[[141.087,38.364],[141.08,38.367],[141.088,38.366],[141.087,38.364]]],[[[141.076,38.363],[141.076,38.365],[141.079,38.363],[141.076,38.363]]],[[[141.16,38.353],[141.163,38.355],[141.165,38.354],[141.16,38.353]]],[[[141.124,38.349],[141.122,38.353],[141.126,38.352],[141.124,38.349]]],[[[141.115,38.346],[141.113,38.349],[141.115,38.353],[141.115,38.346]]],[[[141.122,38.348],[141.12,38.349],[141.119,38.352],[141.122,38.348]]],[[[141.124,38.326],[141.117,38.337],[141.128,38.344],[141.124,38.326]]],[[[141.11,38.331],[141.104,38.343],[141.121,38.345],[141.11,38.331]]],[[[141.114,38.341],[141.113,38.343],[141.117,38.343],[141.114,38.341]]],[[[141.054,38.336],[141.053,38.337],[141.055,38.338],[141.054,38.336]]],[[[141.052,38.337],[141.051,38.337],[141.051,38.338],[141.052,38.337]]],[[[141.107,38.328],[141.089,38.331],[141.094,38.337],[141.107,38.328]]],[[[141.07,38.324],[141.067,38.327],[141.074,38.328],[141.07,38.324]]],[[[141.162,38.318],[141.157,38.318],[141.155,38.321],[141.162,38.318]]],[[[141.574,38.269],[141.551,38.294],[141.567,38.314],[141.59,38.302],[141.574,38.269]]],[[[141.409,38.285],[141.416,38.313],[141.425,38.294],[141.409,38.285]]],[[[141.502,38.246],[141.48,38.25],[141.461,38.28],[141.476,38.282],[141.502,38.246]]]]}},{"type":"Feature","properties":{"nam_ja":"静岡県","id":22},"geometry":{"type":"MultiPolygon","coordinates":[[[[138.219,35.644],[138.232,35.639],[138.268,35.516],[138.244,35.456],[138.257,35.407],[138.233,35.376],[138.251,35.362],[138.249,35.332],[138.286,35.305],[138.328,35.328],[138.359,35.317],[138.395,35.206],[138.44,35.178],[138.496,35.174],[138.529,35.198],[138.512,35.314],[138.535,35.331],[138.532,35.406],[138.578,35.442],[138.598,35.431],[138.61,35.393],[138.663,35.398],[138.68,35.358],[138.995,35.403],[139.019,35.33],[138.975,35.262],[138.988,35.201],[139.023,35.178],[139.029,35.151],[139.102,35.141],[139.069,35.057],[139.1,35.046],[139.098,35.007],[139.085,34.998],[139.105,34.97],[139.144,34.956],[139.147,34.931],[139.134,34.886],[139.082,34.85],[139.058,34.785],[138.997,34.743],[138.973,34.691],[138.987,34.658],[138.961,34.654],[138.948,34.674],[138.905,34.629],[138.832,34.605],[138.772,34.648],[138.788,34.67],[138.747,34.688],[138.739,34.726],[138.776,34.762],[138.752,34.819],[138.775,34.85],[138.756,34.884],[138.79,34.908],[138.763,34.963],[138.78,35.017],[138.787,35.03],[138.89,35.017],[138.906,35.048],[138.887,35.046],[138.828,35.107],[138.689,35.143],[138.698,35.135],[138.557,35.1],[138.533,35.055],[138.501,35.036],[138.503,34.986],[138.504,35.015],[138.533,35.013],[138.515,34.983],[138.357,34.915],[138.325,34.867],[138.339,34.833],[138.289,34.782],[138.295,34.767],[138.219,34.717],[138.198,34.67],[138.194,34.638],[138.233,34.6],[138.193,34.6],[138.061,34.647],[138.063,34.658],[138.057,34.648],[137.911,34.667],[137.799,34.645],[137.748,34.657],[137.751,34.666],[137.484,34.674],[137.491,34.7],[137.475,34.753],[137.499,34.827],[137.551,34.852],[137.587,34.85],[137.634,34.886],[137.661,34.946],[137.707,34.972],[137.701,35.003],[137.718,35.036],[137.8,35.105],[137.792,35.134],[137.827,35.15],[137.803,35.183],[137.845,35.22],[137.872,35.219],[137.895,35.256],[138.018,35.302],[138.055,35.342],[138.084,35.338],[138.142,35.371],[138.149,35.389],[138.12,35.455],[138.16,35.47],[138.146,35.501],[138.152,35.57],[138.163,35.582],[138.185,35.574],[138.219,35.644]]],[[[139.169,35.036],[139.164,35.043],[139.176,35.04],[139.169,35.036]]],[[[138.887,35.031],[138.887,35.036],[138.89,35.031],[138.887,35.031]]],[[[138.219,34.618],[138.211,34.619],[138.218,34.626],[138.219,34.618]]]]}},{"type":"Feature","properties":{"nam_ja":"茨城県","id":8},"geometry":{"type":"MultiPolygon","coordinates":[[[[140.568,36.938],[140.594,36.939],[140.616,36.904],[140.785,36.862],[140.803,36.836],[140.771,36.82],[140.747,36.781],[140.712,36.658],[140.612,36.488],[140.622,36.484],[140.609,36.444],[140.627,36.431],[140.608,36.428],[140.609,36.414],[140.624,36.372],[140.588,36.311],[140.566,36.305],[140.56,36.256],[140.61,36.087],[140.701,35.938],[140.665,35.924],[140.675,35.897],[140.687,35.882],[140.677,35.912],[140.709,35.92],[140.843,35.746],[140.82,35.74],[140.73,35.796],[140.706,35.837],[140.632,35.859],[140.6,35.902],[140.511,35.959],[140.487,35.928],[140.503,35.906],[140.458,35.926],[140.367,35.9],[140.318,35.864],[140.273,35.872],[140.155,35.843],[140.127,35.871],[140.076,35.877],[139.939,35.94],[139.938,35.962],[139.884,35.989],[139.787,36.104],[139.761,36.081],[139.737,36.087],[139.692,36.17],[139.688,36.2],[139.822,36.24],[139.849,36.311],[139.874,36.321],[139.91,36.301],[139.922,36.341],[139.96,36.351],[139.973,36.379],[140.002,36.368],[140.061,36.381],[140.066,36.404],[140.101,36.397],[140.13,36.415],[140.177,36.398],[140.196,36.411],[140.23,36.501],[140.26,36.518],[140.221,36.686],[140.293,36.713],[140.255,36.765],[140.267,36.796],[140.249,36.92],[140.259,36.933],[140.294,36.932],[140.326,36.893],[140.363,36.885],[140.382,36.837],[140.464,36.792],[140.535,36.853],[140.589,36.875],[140.568,36.938]]],[[[140.711,35.941],[140.712,35.955],[140.711,35.927],[140.711,35.941]]]]}},{"type":"Feature","properties":{"nam_ja":"沖縄県","id":47},"geometry":{"type":"MultiPolygon","coordinates":[[[[128.233,27.86],[128.216,27.877],[128.223,27.884],[128.233,27.86]]],[[[127.934,26.994],[127.931,27.02],[127.949,27.043],[128.019,27.094],[127.991,27.045],[127.946,27.02],[127.934,26.994]]],[[[127.92,26.989],[127.912,26.996],[127.922,27.001],[127.92,26.989]]],[[[127.949,26.973],[127.944,26.975],[127.958,26.974],[127.949,26.973]]],[[[127.938,26.911],[127.918,26.922],[127.915,26.945],[127.954,26.945],[127.938,26.911]]],[[[127.929,26.891],[127.921,26.893],[127.92,26.902],[127.929,26.891]]],[[[128.153,26.717],[128.154,26.74],[128.186,26.753],[128.241,26.821],[128.247,26.869],[128.305,26.842],[128.326,26.749],[128.234,26.63],[128.149,26.629],[128.15,26.598],[128.123,26.603],[128.143,26.571],[128.137,26.553],[128.094,26.534],[128.042,26.559],[128.032,26.553],[128.049,26.525],[127.991,26.503],[128.001,26.485],[127.955,26.472],[127.942,26.443],[127.875,26.454],[127.83,26.431],[127.84,26.405],[127.877,26.379],[127.882,26.347],[127.916,26.331],[127.921,26.301],[127.866,26.34],[127.838,26.332],[127.845,26.319],[127.816,26.304],[127.817,26.283],[127.765,26.206],[127.788,26.17],[127.821,26.191],[127.83,26.168],[127.725,26.091],[127.658,26.08],[127.662,26.125],[127.647,26.144],[127.668,26.151],[127.65,26.15],[127.635,26.198],[127.651,26.217],[127.671,26.205],[127.661,26.215],[127.681,26.224],[127.668,26.244],[127.73,26.274],[127.759,26.309],[127.711,26.44],[127.739,26.422],[127.77,26.445],[127.791,26.436],[127.844,26.48],[127.848,26.504],[127.918,26.517],[127.981,26.572],[127.98,26.587],[127.945,26.601],[127.899,26.605],[127.879,26.637],[127.878,26.709],[127.951,26.707],[127.997,26.69],[128.007,26.684],[127.988,26.656],[128.023,26.626],[128.122,26.659],[128.1,26.678],[128.153,26.717]]],[[[128.334,26.745],[128.329,26.747],[128.332,26.747],[128.334,26.745]]],[[[127.806,26.705],[127.754,26.709],[127.751,26.732],[127.807,26.738],[127.83,26.72],[127.806,26.705]]],[[[128.02,26.694],[128.007,26.707],[128.016,26.714],[128.02,26.694]]],[[[128.031,26.645],[127.993,26.67],[128.019,26.679],[128.031,26.645]]],[[[128.102,26.664],[128.097,26.666],[128.099,26.669],[128.102,26.664]]],[[[127.861,26.629],[127.854,26.649],[127.864,26.653],[127.861,26.629]]],[[[127.817,26.644],[127.812,26.645],[127.816,26.649],[127.817,26.644]]],[[[128.03,26.635],[128.03,26.642],[128.034,26.639],[128.03,26.635]]],[[[127.208,26.574],[127.224,26.598],[127.246,26.587],[127.208,26.574]]],[[[127.996,26.382],[127.988,26.385],[127.999,26.399],[127.996,26.382]]],[[[126.725,26.346],[126.716,26.374],[126.77,26.391],[126.789,26.38],[126.816,26.35],[126.811,26.294],[126.725,26.346]]],[[[127.099,26.381],[127.099,26.387],[127.104,26.385],[127.099,26.381]]],[[[127.932,26.331],[127.986,26.383],[127.994,26.362],[127.932,26.331]]],[[[127.145,26.348],[127.145,26.381],[127.159,26.363],[127.145,26.348]]],[[[126.886,26.344],[126.872,26.344],[126.89,26.35],[126.886,26.344]]],[[[127.843,26.334],[127.868,26.336],[127.854,26.325],[127.843,26.334]]],[[[126.841,26.337],[126.835,26.337],[126.837,26.343],[126.841,26.337]]],[[[126.825,26.335],[126.827,26.342],[126.833,26.337],[126.825,26.335]]],[[[126.862,26.339],[126.858,26.339],[126.863,26.34],[126.862,26.339]]],[[[126.851,26.337],[126.85,26.337],[126.854,26.338],[126.851,26.337]]],[[[127.959,26.308],[127.95,26.32],[127.966,26.321],[127.959,26.308]]],[[[127.929,26.312],[127.919,26.317],[127.924,26.322],[127.929,26.312]]],[[[127.99,26.298],[127.988,26.302],[127.993,26.302],[127.99,26.298]]],[[[127.542,26.263],[127.539,26.265],[127.553,26.264],[127.542,26.263]]],[[[127.577,26.258],[127.573,26.259],[127.577,26.264],[127.577,26.258]]],[[[127.579,26.26],[127.581,26.263],[127.584,26.263],[127.579,26.26]]],[[[127.942,26.241],[127.936,26.262],[127.946,26.258],[127.942,26.241]]],[[[127.406,26.247],[127.4,26.255],[127.402,26.255],[127.406,26.247]]],[[[127.304,26.219],[127.282,26.227],[127.307,26.248],[127.329,26.239],[127.332,26.228],[127.319,26.239],[127.304,26.219]]],[[[127.454,26.237],[127.456,26.241],[127.458,26.239],[127.454,26.237]]],[[[127.366,26.223],[127.367,26.236],[127.371,26.23],[127.366,26.223]]],[[[127.451,26.226],[127.448,26.231],[127.45,26.234],[127.451,26.226]]],[[[127.348,26.145],[127.338,26.181],[127.355,26.225],[127.372,26.207],[127.348,26.145]]],[[[127.439,26.2],[127.45,26.224],[127.454,26.219],[127.439,26.2]]],[[[127.242,26.208],[127.239,26.219],[127.247,26.222],[127.242,26.208]]],[[[127.287,26.216],[127.282,26.218],[127.284,26.22],[127.287,26.216]]],[[[127.312,26.198],[127.307,26.216],[127.316,26.204],[127.312,26.198]]],[[[127.275,26.186],[127.271,26.208],[127.281,26.207],[127.291,26.195],[127.275,26.186]]],[[[127.377,26.196],[127.375,26.199],[127.378,26.199],[127.377,26.196]]],[[[127.286,26.175],[127.284,26.187],[127.294,26.178],[127.286,26.175]]],[[[127.24,26.162],[127.232,26.175],[127.242,26.176],[127.24,26.162]]],[[[127.291,26.16],[127.287,26.165],[127.292,26.174],[127.291,26.16]]],[[[127.883,26.151],[127.882,26.157],[127.906,26.17],[127.883,26.151]]],[[[127.337,26.159],[127.336,26.16],[127.339,26.164],[127.337,26.159]]],[[[127.272,26.155],[127.271,26.156],[127.272,26.157],[127.272,26.155]]],[[[127.289,26.155],[127.288,26.156],[127.289,26.157],[127.289,26.155]]],[[[127.341,26.139],[127.341,26.144],[127.345,26.144],[127.341,26.139]]],[[[127.773,26.127],[127.769,26.127],[127.774,26.131],[127.773,26.127]]],[[[131.306,25.928],[131.285,25.96],[131.332,25.952],[131.306,25.928]]],[[[123.683,25.919],[123.68,25.928],[123.688,25.924],[123.683,25.919]]],[[[131.231,25.813],[131.214,25.822],[131.223,25.869],[131.263,25.869],[131.264,25.824],[131.231,25.813]]],[[[123.46,25.735],[123.476,25.752],[123.494,25.743],[123.46,25.735]]],[[[123.542,25.725],[123.541,25.735],[123.546,25.729],[123.542,25.725]]],[[[123.556,25.721],[123.545,25.723],[123.549,25.726],[123.556,25.721]]],[[[125.247,24.92],[125.235,24.938],[125.254,24.925],[125.247,24.92]]],[[[125.306,24.913],[125.304,24.919],[125.308,24.916],[125.306,24.913]]],[[[125.306,24.711],[125.252,24.753],[125.259,24.768],[125.263,24.753],[125.282,24.753],[125.255,24.788],[125.279,24.814],[125.28,24.841],[125.291,24.838],[125.259,24.903],[125.333,24.822],[125.332,24.799],[125.439,24.753],[125.467,24.719],[125.39,24.729],[125.306,24.711]]],[[[125.181,24.811],[125.154,24.838],[125.161,24.865],[125.217,24.827],[125.205,24.804],[125.181,24.811]]],[[[125.181,24.811],[125.144,24.807],[125.138,24.842],[125.181,24.811]]],[[[124.7,24.746],[124.676,24.759],[124.686,24.763],[124.7,24.746]]],[[[125.247,24.713],[125.239,24.731],[125.252,24.725],[125.247,24.713]]],[[[124.691,24.64],[124.665,24.661],[124.676,24.674],[124.718,24.67],[124.716,24.645],[124.691,24.64]]],[[[124.173,24.328],[124.108,24.363],[124.139,24.403],[124.113,24.432],[124.068,24.426],[124.074,24.451],[124.116,24.445],[124.116,24.474],[124.127,24.475],[124.136,24.44],[124.218,24.453],[124.225,24.497],[124.253,24.518],[124.267,24.506],[124.28,24.525],[124.279,24.558],[124.308,24.607],[124.336,24.603],[124.333,24.575],[124.3,24.543],[124.278,24.486],[124.249,24.465],[124.254,24.411],[124.234,24.343],[124.196,24.351],[124.173,24.328]]],[[[123.823,24.467],[123.812,24.472],[123.819,24.476],[123.823,24.467]]],[[[123.012,24.437],[122.94,24.444],[122.942,24.457],[122.963,24.473],[123.037,24.464],[123.012,24.437]]],[[[131.187,24.462],[131.181,24.472],[131.192,24.471],[131.187,24.462]]],[[[124.146,24.451],[124.144,24.46],[124.149,24.455],[124.146,24.451]]],[[[123.872,24.254],[123.72,24.299],[123.717,24.277],[123.68,24.282],[123.66,24.307],[123.685,24.309],[123.683,24.331],[123.701,24.313],[123.702,24.348],[123.747,24.311],[123.747,24.347],[123.757,24.347],[123.745,24.387],[123.772,24.436],[123.813,24.398],[123.867,24.403],[123.938,24.364],[123.926,24.314],[123.915,24.324],[123.905,24.312],[123.899,24.273],[123.877,24.276],[123.872,24.254]]],[[[123.717,24.364],[123.711,24.376],[123.723,24.379],[123.717,24.364]]],[[[124.001,24.36],[123.994,24.362],[123.997,24.366],[124.001,24.36]]],[[[123.739,24.345],[123.724,24.357],[123.732,24.364],[123.739,24.345]]],[[[123.989,24.323],[123.961,24.333],[123.97,24.353],[123.992,24.345],[123.989,24.323]]],[[[123.929,24.341],[123.933,24.346],[123.934,24.342],[123.929,24.341]]],[[[124.08,24.31],[124.079,24.337],[124.098,24.318],[124.08,24.31]]],[[[124.143,24.328],[124.14,24.331],[124.149,24.332],[124.143,24.328]]],[[[124.011,24.22],[123.99,24.247],[123.998,24.253],[124.027,24.244],[124.011,24.22]]],[[[123.935,24.224],[123.938,24.234],[123.953,24.238],[123.935,24.224]]],[[[123.927,24.209],[123.92,24.216],[123.932,24.221],[123.927,24.209]]],[[[123.554,24.191],[123.563,24.196],[123.568,24.194],[123.554,24.191]]],[[[123.791,24.045],[123.753,24.06],[123.802,24.066],[123.791,24.045]]],[[[123.544,25.782],[123.545,25.781],[123.543,25.78],[123.544,25.782]]],[[[123.54,25.78],[123.54,25.779],[123.54,25.779],[123.54,25.78]]],[[[123.541,25.779],[123.542,25.779],[123.541,25.779],[123.541,25.779]]],[[[123.566,25.755],[123.568,25.755],[123.567,25.755],[123.566,25.755]]],[[[123.506,25.736],[123.506,25.736],[123.506,25.736],[123.506,25.736]]],[[[126.833,26.596],[126.831,26.594],[126.83,26.595],[126.833,26.596]]],[[[123.507,25.736],[123.507,25.735],[123.506,25.735],[123.507,25.736]]],[[[124.556,25.922],[124.556,25.922],[124.556,25.922],[124.556,25.922]]],[[[124.556,25.922],[124.557,25.922],[124.556,25.922],[124.556,25.922]]],[[[124.559,25.923],[124.561,25.922],[124.556,25.922],[124.559,25.923]]],[[[124.56,25.924],[124.56,25.923],[124.559,25.923],[124.56,25.924]]],[[[124.559,25.924],[124.559,25.924],[124.559,25.924],[124.559,25.924]]],[[[124.56,25.924],[124.56,25.924],[124.559,25.924],[124.56,25.924]]],[[[124.559,25.924],[124.559,25.924],[124.559,25.924],[124.559,25.924]]]]}},{"type":"Feature","properties":{"nam_ja":"山形県","id":6},"geometry":{"type":"MultiPolygon","coordinates":[[[[139.544,39.182],[139.54,39.194],[139.563,39.201],[139.544,39.182]]],[[[139.87,39.119],[139.995,39.106],[140.008,39.123],[140.063,39.134],[140.076,39.087],[140.151,39.05],[140.202,39.059],[140.202,39.035],[140.228,39.028],[140.261,39.036],[140.307,39.015],[140.329,39.035],[140.355,39.024],[140.376,38.995],[140.439,38.982],[140.473,38.915],[140.548,38.89],[140.541,38.862],[140.587,38.837],[140.601,38.791],[140.646,38.769],[140.613,38.726],[140.624,38.686],[140.601,38.64],[140.541,38.641],[140.577,38.571],[140.557,38.53],[140.62,38.456],[140.586,38.441],[140.567,38.384],[140.527,38.358],[140.53,38.325],[140.475,38.272],[140.479,38.187],[140.446,38.13],[140.429,38.126],[140.421,38.087],[140.373,38.057],[140.284,38.059],[140.262,37.841],[140.299,37.809],[140.237,37.747],[140.172,37.756],[140.118,37.735],[140.053,37.779],[139.99,37.76],[139.958,37.814],[139.933,37.83],[139.926,37.814],[139.886,37.81],[139.859,37.827],[139.814,37.805],[139.772,37.83],[139.747,37.821],[139.708,37.856],[139.681,37.847],[139.629,37.894],[139.659,38.039],[139.693,38.057],[139.672,38.077],[139.693,38.115],[139.688,38.183],[139.704,38.204],[139.781,38.195],[139.861,38.232],[139.899,38.292],[139.849,38.343],[139.747,38.362],[139.723,38.394],[139.712,38.387],[139.722,38.497],[139.599,38.523],[139.542,38.561],[139.615,38.675],[139.693,38.727],[139.762,38.801],[139.834,38.954],[139.819,38.961],[139.872,39.069],[139.87,39.119]]]]}},{"type":"Feature","properties":{"nam_ja":"和歌山県","id":30},"geometry":{"type":"MultiPolygon","coordinates":[[[[135.529,34.351],[135.579,34.376],[135.651,34.383],[135.678,34.274],[135.719,34.26],[135.73,34.228],[135.7,34.212],[135.648,34.219],[135.622,34.16],[135.592,34.149],[135.577,34.115],[135.547,34.1],[135.54,34.075],[135.577,34.058],[135.599,34.032],[135.596,34.012],[135.622,34.009],[135.638,33.982],[135.636,33.95],[135.624,33.952],[135.6,33.908],[135.62,33.899],[135.622,33.878],[135.71,33.904],[135.756,33.885],[135.808,33.906],[135.848,33.896],[135.856,33.818],[135.907,33.767],[135.937,33.758],[135.941,33.735],[136.009,33.726],[135.974,33.679],[135.979,33.649],[135.936,33.64],[135.953,33.625],[135.926,33.606],[135.959,33.585],[135.895,33.558],[135.92,33.562],[135.88,33.53],[135.798,33.499],[135.788,33.44],[135.754,33.437],[135.775,33.46],[135.762,33.481],[135.579,33.507],[135.446,33.549],[135.449,33.561],[135.395,33.587],[135.385,33.647],[135.331,33.667],[135.344,33.688],[135.333,33.692],[135.376,33.683],[135.395,33.714],[135.354,33.726],[135.357,33.738],[135.311,33.769],[135.234,33.781],[135.235,33.798],[135.163,33.845],[135.144,33.883],[135.057,33.88],[135.059,33.901],[135.083,33.911],[135.065,33.926],[135.114,33.957],[135.081,33.956],[135.076,33.974],[135.167,34.028],[135.136,34.064],[135.079,34.073],[135.115,34.12],[135.135,34.113],[135.122,34.13],[135.135,34.139],[135.209,34.149],[135.184,34.148],[135.192,34.157],[135.173,34.188],[135.177,34.175],[135.137,34.201],[135.147,34.195],[135.142,34.219],[135.107,34.228],[135.128,34.227],[135.122,34.241],[135.066,34.261],[135.074,34.304],[135.103,34.31],[135.111,34.272],[135.133,34.272],[135.184,34.279],[135.257,34.315],[135.301,34.304],[135.342,34.334],[135.381,34.329],[135.485,34.363],[135.503,34.343],[135.529,34.351]]],[[[135.045,34.292],[135.034,34.295],[135.059,34.298],[135.045,34.292]]],[[[135.008,34.276],[134.999,34.28],[135.018,34.292],[135.008,34.276]]],[[[135.183,34.151],[135.176,34.152],[135.178,34.158],[135.183,34.151]]],[[[135.102,34.109],[135.097,34.115],[135.102,34.118],[135.102,34.109]]],[[[135.079,34.11],[135.076,34.115],[135.083,34.113],[135.079,34.11]]],[[[135.122,34.015],[135.121,34.019],[135.128,34.018],[135.122,34.015]]],[[[135.915,33.972],[136.003,34.007],[136.013,33.974],[136.002,33.961],[135.977,33.966],[135.969,33.929],[135.928,33.941],[135.918,33.93],[135.934,33.921],[135.921,33.914],[135.892,33.942],[135.915,33.972]]],[[[135.096,34.003],[135.093,34.008],[135.102,34.005],[135.096,34.003]]],[[[135.091,34.002],[135.089,34.003],[135.091,34.003],[135.091,34.002]]],[[[135.089,33.988],[135.081,33.989],[135.086,33.992],[135.089,33.988]]],[[[135.074,33.947],[135.072,33.95],[135.076,33.949],[135.074,33.947]]],[[[135.88,33.909],[135.888,33.881],[135.892,33.894],[135.901,33.884],[135.877,33.863],[135.859,33.898],[135.868,33.915],[135.88,33.909]]],[[[135.147,33.857],[135.144,33.861],[135.155,33.862],[135.147,33.857]]],[[[135.315,33.75],[135.313,33.752],[135.313,33.752],[135.315,33.75]]],[[[135.364,33.695],[135.362,33.697],[135.365,33.697],[135.364,33.695]]],[[[135.366,33.686],[135.364,33.687],[135.366,33.688],[135.366,33.686]]],[[[135.948,33.619],[135.945,33.621],[135.946,33.622],[135.948,33.619]]],[[[135.488,33.543],[135.486,33.544],[135.489,33.544],[135.488,33.543]]],[[[135.56,33.511],[135.557,33.513],[135.56,33.512],[135.56,33.511]]],[[[135.832,33.449],[135.806,33.476],[135.857,33.471],[135.832,33.449]]],[[[135.817,33.446],[135.813,33.451],[135.82,33.452],[135.817,33.446]]]]}},{"type":"Feature","properties":{"nam_ja":"長崎県","id":42},"geometry":{"type":"MultiPolygon","coordinates":[[[[129.433,34.704],[129.433,34.707],[129.44,34.706],[129.433,34.704]]],[[[129.383,34.424],[129.368,34.436],[129.375,34.408],[129.351,34.387],[129.39,34.405],[129.372,34.368],[129.393,34.362],[129.365,34.347],[129.394,34.335],[129.365,34.339],[129.376,34.32],[129.356,34.3],[129.333,34.318],[129.357,34.337],[129.344,34.353],[129.352,34.373],[129.333,34.363],[129.337,34.375],[129.314,34.341],[129.3,34.351],[129.313,34.384],[129.303,34.386],[129.278,34.365],[129.297,34.354],[129.287,34.339],[129.227,34.362],[129.272,34.375],[129.271,34.416],[129.284,34.416],[129.272,34.436],[129.313,34.465],[129.282,34.448],[129.279,34.481],[129.307,34.525],[129.313,34.515],[129.32,34.535],[129.344,34.533],[129.305,34.568],[129.286,34.56],[129.32,34.643],[129.387,34.639],[129.409,34.679],[129.433,34.673],[129.415,34.692],[129.457,34.702],[129.476,34.692],[129.474,34.673],[129.493,34.683],[129.469,34.656],[129.485,34.645],[129.478,34.62],[129.441,34.625],[129.451,34.621],[129.433,34.61],[129.478,34.594],[129.468,34.55],[129.456,34.554],[129.454,34.532],[129.378,34.454],[129.383,34.424]]],[[[129.479,34.68],[129.477,34.683],[129.481,34.683],[129.479,34.68]]],[[[129.264,34.427],[129.266,34.43],[129.267,34.428],[129.264,34.427]]],[[[129.265,34.422],[129.265,34.423],[129.266,34.423],[129.265,34.422]]],[[[129.268,34.417],[129.266,34.42],[129.269,34.421],[129.268,34.417]]],[[[129.406,34.351],[129.403,34.36],[129.411,34.363],[129.406,34.351]]],[[[129.397,34.334],[129.396,34.36],[129.406,34.337],[129.397,34.334]]],[[[129.339,34.351],[129.338,34.353],[129.342,34.355],[129.339,34.351]]],[[[129.342,34.345],[129.339,34.348],[129.347,34.351],[129.342,34.345]]],[[[129.333,34.34],[129.332,34.341],[129.333,34.344],[129.333,34.34]]],[[[129.34,34.336],[129.339,34.337],[129.339,34.338],[129.34,34.336]]],[[[129.333,34.304],[129.29,34.326],[129.297,34.337],[129.317,34.326],[129.325,34.336],[129.333,34.304]]],[[[129.213,34.084],[129.215,34.111],[129.186,34.116],[129.168,34.102],[129.195,34.312],[129.223,34.328],[129.221,34.298],[129.254,34.308],[129.26,34.291],[129.279,34.306],[129.287,34.281],[129.284,34.309],[129.265,34.32],[129.288,34.319],[129.307,34.308],[129.298,34.285],[129.314,34.278],[129.328,34.296],[129.352,34.277],[129.329,34.276],[129.318,34.225],[129.295,34.216],[129.298,34.194],[129.283,34.188],[129.294,34.161],[129.282,34.164],[129.279,34.135],[129.24,34.103],[129.233,34.114],[129.213,34.084]]],[[[129.396,34.312],[129.387,34.32],[129.411,34.319],[129.396,34.312]]],[[[129.321,34.3],[129.319,34.302],[129.328,34.306],[129.321,34.3]]],[[[129.359,34.271],[129.353,34.294],[129.391,34.296],[129.359,34.271]]],[[[129.242,34.096],[129.238,34.098],[129.243,34.099],[129.242,34.096]]],[[[129.689,33.861],[129.683,33.867],[129.689,33.87],[129.689,33.861]]],[[[129.677,33.863],[129.673,33.869],[129.68,33.87],[129.677,33.863]]],[[[129.698,33.865],[129.693,33.866],[129.703,33.866],[129.698,33.865]]],[[[129.716,33.704],[129.688,33.717],[129.696,33.724],[129.667,33.757],[129.656,33.738],[129.644,33.772],[129.683,33.76],[129.649,33.807],[129.675,33.797],[129.675,33.845],[129.702,33.863],[129.767,33.846],[129.747,33.809],[129.797,33.788],[129.758,33.774],[129.793,33.763],[129.788,33.742],[129.74,33.739],[129.716,33.704]]],[[[129.661,33.829],[129.658,33.834],[129.66,33.833],[129.661,33.829]]],[[[129.644,33.753],[129.643,33.753],[129.644,33.754],[129.644,33.753]]],[[[129.63,33.732],[129.628,33.744],[129.639,33.742],[129.63,33.732]]],[[[129.864,33.741],[129.869,33.743],[129.868,33.742],[129.864,33.741]]],[[[129.757,33.73],[129.757,33.737],[129.76,33.736],[129.757,33.73]]],[[[129.628,33.723],[129.624,33.727],[129.633,33.729],[129.628,33.723]]],[[[129.647,33.718],[129.643,33.723],[129.652,33.726],[129.647,33.718]]],[[[129.624,33.699],[129.624,33.701],[129.625,33.7],[129.624,33.699]]],[[[129.553,33.604],[129.554,33.61],[129.557,33.607],[129.553,33.604]]],[[[129.553,33.469],[129.519,33.484],[129.504,33.472],[129.546,33.509],[129.558,33.488],[129.577,33.497],[129.553,33.469]]],[[[129.732,33.406],[129.758,33.456],[129.75,33.463],[129.77,33.461],[129.785,33.433],[129.732,33.406]]],[[[129.727,33.451],[129.713,33.46],[129.724,33.461],[129.727,33.451]]],[[[129.509,33.424],[129.526,33.452],[129.536,33.446],[129.509,33.424]]],[[[129.416,33.351],[129.399,33.359],[129.429,33.439],[129.434,33.355],[129.416,33.351]]],[[[129.534,33.421],[129.531,33.426],[129.533,33.425],[129.534,33.421]]],[[[129.711,33.42],[129.706,33.424],[129.71,33.424],[129.711,33.42]]],[[[129.684,33.406],[129.679,33.41],[129.687,33.423],[129.684,33.406]]],[[[129.812,33.349],[129.813,33.403],[129.799,33.409],[129.829,33.407],[129.836,33.382],[129.859,33.379],[129.812,33.349]]],[[[129.375,33.169],[129.348,33.182],[129.351,33.201],[129.398,33.18],[129.383,33.228],[129.431,33.237],[129.403,33.265],[129.446,33.291],[129.436,33.347],[129.497,33.355],[129.516,33.38],[129.513,33.357],[129.524,33.355],[129.526,33.377],[129.551,33.38],[129.517,33.399],[129.553,33.409],[129.561,33.364],[129.542,33.337],[129.514,33.331],[129.526,33.304],[129.488,33.288],[129.501,33.26],[129.433,33.191],[129.375,33.169]]],[[[129.78,33.393],[129.773,33.399],[129.782,33.399],[129.78,33.393]]],[[[129.632,33.362],[129.665,33.395],[129.684,33.385],[129.678,33.353],[129.696,33.361],[129.704,33.346],[129.744,33.367],[129.773,33.357],[129.785,33.372],[129.792,33.348],[129.759,33.29],[129.811,33.242],[129.816,33.187],[129.892,33.158],[129.943,33.164],[129.954,33.117],[129.921,33.09],[130.061,32.986],[130.202,32.958],[130.179,32.914],[130.089,32.867],[130.112,32.873],[130.138,32.854],[130.126,32.843],[130.186,32.84],[130.241,32.875],[130.306,32.877],[130.331,32.861],[130.377,32.778],[130.344,32.672],[130.264,32.652],[130.219,32.606],[130.191,32.609],[130.168,32.591],[130.161,32.626],[130.13,32.639],[130.126,32.684],[130.171,32.693],[130.204,32.726],[130.207,32.753],[130.184,32.763],[130.193,32.782],[130.179,32.794],[130.089,32.794],[129.991,32.753],[129.949,32.76],[129.952,32.737],[129.913,32.712],[129.895,32.663],[129.839,32.642],[129.834,32.62],[129.781,32.572],[129.735,32.58],[129.782,32.607],[129.816,32.666],[129.819,32.684],[129.793,32.694],[129.828,32.707],[129.835,32.688],[129.87,32.751],[129.825,32.717],[129.829,32.744],[129.805,32.744],[129.799,32.774],[129.768,32.797],[129.771,32.815],[129.706,32.832],[129.651,32.931],[129.632,32.928],[129.627,32.979],[129.661,33],[129.646,33.036],[129.676,33.062],[129.662,33.076],[129.672,33.092],[129.725,33.076],[129.726,33.047],[129.758,33.052],[129.732,33.008],[129.744,32.988],[129.763,33.021],[129.821,32.98],[129.806,32.962],[129.811,32.92],[129.798,32.954],[129.785,32.948],[129.788,32.9],[129.797,32.908],[129.806,32.887],[129.788,32.867],[129.821,32.859],[129.847,32.831],[129.847,32.853],[129.865,32.844],[129.896,32.88],[129.984,32.835],[130.006,32.849],[129.966,32.872],[129.928,32.936],[129.947,32.994],[129.921,33.034],[129.876,33.064],[129.82,33.038],[129.836,33.06],[129.794,33.083],[129.762,33.081],[129.768,33.101],[129.76,33.078],[129.78,33.061],[129.764,33.05],[129.744,33.062],[129.73,33.103],[129.745,33.099],[129.743,33.121],[129.754,33.114],[129.773,33.126],[129.758,33.132],[129.765,33.143],[129.78,33.142],[129.733,33.137],[129.734,33.127],[129.712,33.167],[129.707,33.119],[129.668,33.103],[129.658,33.132],[129.693,33.136],[129.673,33.167],[129.639,33.17],[129.656,33.193],[129.64,33.219],[129.626,33.189],[129.621,33.216],[129.604,33.204],[129.614,33.224],[129.554,33.216],[129.573,33.276],[129.588,33.272],[129.585,33.293],[129.622,33.31],[129.574,33.309],[129.562,33.333],[129.574,33.33],[129.569,33.37],[129.597,33.381],[129.592,33.369],[129.632,33.362]]],[[[129.779,33.39],[129.774,33.392],[129.779,33.391],[129.779,33.39]]],[[[129.604,33.38],[129.594,33.384],[129.598,33.384],[129.604,33.38]]],[[[129.579,33.303],[129.578,33.306],[129.581,33.305],[129.579,33.303]]],[[[129.118,33.246],[129.07,33.27],[129.135,33.302],[129.15,33.274],[129.118,33.246]]],[[[129.572,33.288],[129.574,33.291],[129.577,33.291],[129.572,33.288]]],[[[129.563,33.287],[129.565,33.291],[129.567,33.288],[129.563,33.287]]],[[[129.572,33.277],[129.572,33.279],[129.573,33.278],[129.572,33.277]]],[[[129.564,33.271],[129.567,33.276],[129.57,33.276],[129.564,33.271]]],[[[129.565,33.262],[129.558,33.265],[129.562,33.269],[129.565,33.262]]],[[[129.551,33.262],[129.555,33.265],[129.554,33.263],[129.551,33.262]]],[[[129.558,33.259],[129.559,33.263],[129.563,33.26],[129.558,33.259]]],[[[129.07,33.244],[129.059,33.25],[129.065,33.262],[129.07,33.244]]],[[[129.559,33.253],[129.558,33.253],[129.56,33.255],[129.559,33.253]]],[[[129.562,33.25],[129.559,33.251],[129.564,33.253],[129.562,33.25]]],[[[129.555,33.253],[129.555,33.254],[129.557,33.253],[129.555,33.253]]],[[[129.065,33.252],[129.064,33.253],[129.065,33.253],[129.065,33.252]]],[[[129.337,33.248],[129.334,33.249],[129.339,33.252],[129.337,33.248]]],[[[129.554,33.226],[129.551,33.229],[129.557,33.227],[129.554,33.226]]],[[[129.131,33.22],[129.134,33.228],[129.14,33.224],[129.131,33.22]]],[[[129.068,33.218],[129.064,33.224],[129.073,33.224],[129.068,33.218]]],[[[129.05,33.183],[129.034,33.206],[129.055,33.22],[129.094,33.215],[129.084,33.188],[129.05,33.183]]],[[[129.568,33.212],[129.565,33.213],[129.564,33.217],[129.568,33.212]]],[[[129.132,33.159],[129.114,33.209],[129.138,33.193],[129.132,33.159]]],[[[129.021,33.2],[129.014,33.21],[129.024,33.213],[129.021,33.2]]],[[[129.576,33.208],[129.576,33.213],[129.579,33.211],[129.576,33.208]]],[[[129.351,33.208],[129.348,33.209],[129.352,33.213],[129.351,33.208]]],[[[129.59,33.202],[129.581,33.206],[129.593,33.204],[129.59,33.202]]],[[[129.596,33.201],[129.596,33.207],[129.602,33.202],[129.596,33.201]]],[[[129.598,33.191],[129.596,33.194],[129.599,33.2],[129.598,33.191]]],[[[129.61,33.19],[129.609,33.198],[129.612,33.19],[129.61,33.19]]],[[[129.578,33.195],[129.576,33.196],[129.579,33.196],[129.578,33.195]]],[[[129.342,33.193],[129.339,33.195],[129.342,33.196],[129.342,33.193]]],[[[128.929,33.19],[128.926,33.194],[128.929,33.194],[128.929,33.19]]],[[[128.979,33.185],[128.988,33.193],[128.991,33.187],[128.979,33.185]]],[[[129.581,33.161],[129.583,33.192],[129.594,33.186],[129.581,33.161]]],[[[129.335,33.182],[129.334,33.188],[129.34,33.187],[129.335,33.182]]],[[[129.612,33.184],[129.609,33.186],[129.613,33.188],[129.612,33.184]]],[[[129.347,33.178],[129.341,33.183],[129.347,33.182],[129.347,33.178]]],[[[129.022,33.179],[129.017,33.18],[129.02,33.185],[129.022,33.179]]],[[[129.053,33.177],[129.054,33.183],[129.06,33.181],[129.053,33.177]]],[[[129.011,33.178],[129.009,33.179],[129.01,33.18],[129.011,33.178]]],[[[129.023,33.165],[129.017,33.171],[129.024,33.174],[129.023,33.165]]],[[[128.903,33.166],[128.894,33.167],[128.899,33.173],[128.903,33.166]]],[[[129.033,33.172],[129.032,33.174],[129.039,33.173],[129.033,33.172]]],[[[129.524,33.167],[129.519,33.173],[129.524,33.17],[129.524,33.167]]],[[[129.674,33.157],[129.67,33.164],[129.673,33.164],[129.674,33.157]]],[[[129.059,32.817],[129.044,32.821],[129.04,32.881],[129.055,32.891],[129.041,32.902],[129.063,32.898],[129.062,32.908],[129.033,32.92],[129.034,32.948],[129.029,32.936],[128.994,32.943],[129.009,32.973],[129.046,32.976],[129.048,32.965],[129.065,32.981],[129.041,32.993],[129.043,33.024],[129.065,33.044],[129.068,33.02],[129.083,33.022],[129.074,33.056],[129.106,33.087],[129.094,33.121],[129.11,33.163],[129.102,33.124],[129.119,33.108],[129.117,33.087],[129.082,32.986],[129.164,33.008],[129.182,32.98],[129.142,32.94],[129.102,32.955],[129.083,32.9],[129.094,32.856],[129.056,32.849],[129.059,32.817]]],[[[129.638,33.158],[129.636,33.163],[129.638,33.161],[129.638,33.158]]],[[[129.671,33.15],[129.667,33.157],[129.675,33.154],[129.671,33.15]]],[[[128.898,33.15],[128.895,33.153],[128.903,33.154],[128.898,33.15]]],[[[129.661,33.15],[129.664,33.152],[129.667,33.151],[129.661,33.15]]],[[[129.536,33.132],[129.507,33.138],[129.542,33.152],[129.549,33.137],[129.536,33.132]]],[[[129.679,33.135],[129.674,33.138],[129.679,33.137],[129.678,33.143],[129.679,33.135]]],[[[129.654,33.138],[129.653,33.141],[129.656,33.141],[129.654,33.138]]],[[[129.132,33.132],[129.133,33.137],[129.135,33.135],[129.132,33.132]]],[[[129.663,33.132],[129.661,33.133],[129.664,33.135],[129.663,33.132]]],[[[129.753,33.132],[129.75,33.133],[129.754,33.134],[129.753,33.132]]],[[[129.784,33.066],[129.779,33.077],[129.785,33.071],[129.784,33.066]]],[[[129.609,33.023],[129.588,33.027],[129.598,33.052],[129.635,33.062],[129.609,33.023]]],[[[129.569,33.063],[129.566,33.065],[129.57,33.065],[129.569,33.063]]],[[[129.816,33.049],[129.816,33.052],[129.818,33.052],[129.816,33.049]]],[[[129.633,33.027],[129.629,33.038],[129.635,33.045],[129.633,33.027]]],[[[129.562,33.001],[129.57,33.022],[129.56,33.024],[129.581,33.026],[129.562,33.001]]],[[[129.234,32.989],[129.239,33],[129.223,32.998],[129.253,33.014],[129.234,32.989]]],[[[129.178,33.02],[129.182,33.023],[129.185,33.021],[129.178,33.02]]],[[[129.437,33.016],[129.431,33.019],[129.432,33.021],[129.437,33.016]]],[[[129.345,32.998],[129.351,33.021],[129.361,33.003],[129.345,32.998]]],[[[129.191,33.007],[129.178,33.007],[129.194,33.018],[129.191,33.007]]],[[[129.009,33.002],[129.007,33.008],[129.029,33.015],[129.009,33.002]]],[[[129.537,33.008],[129.536,33.01],[129.541,33.009],[129.537,33.008]]],[[[129.647,32.988],[129.649,33.009],[129.651,32.989],[129.647,32.988]]],[[[129.553,33.001],[129.542,33.003],[129.553,33.007],[129.553,33.001]]],[[[129.745,32.997],[129.744,33.003],[129.748,33.001],[129.745,32.997]]],[[[129.362,33.003],[129.361,33.003],[129.362,33.003],[129.362,33.003]]],[[[129.741,32.994],[129.739,32.997],[129.743,33],[129.741,32.994]]],[[[129.024,32.975],[129.023,32.993],[129.026,32.993],[129.024,32.975]]],[[[129.113,32.986],[129.11,32.986],[129.112,32.987],[129.113,32.986]]],[[[128.983,32.944],[128.977,32.958],[128.988,32.965],[128.983,32.944]]],[[[129.814,32.958],[129.811,32.962],[129.814,32.962],[129.814,32.958]]],[[[129.631,32.946],[129.626,32.947],[129.63,32.947],[129.631,32.946]]],[[[129.611,32.916],[129.596,32.945],[129.625,32.928],[129.611,32.916]]],[[[129.026,32.844],[129.016,32.862],[128.97,32.87],[128.964,32.895],[129.002,32.877],[128.981,32.904],[128.987,32.925],[129.023,32.908],[129.026,32.844]]],[[[128.962,32.905],[128.93,32.92],[128.967,32.93],[128.962,32.905]]],[[[129.918,32.903],[129.9,32.927],[129.925,32.913],[129.918,32.903]]],[[[129.187,32.917],[129.189,32.924],[129.195,32.922],[129.187,32.917]]],[[[129.047,32.916],[129.043,32.916],[129.045,32.918],[129.047,32.916]]],[[[129.807,32.914],[129.798,32.915],[129.808,32.916],[129.807,32.914]]],[[[129.941,32.9],[129.939,32.902],[129.941,32.904],[129.941,32.9]]],[[[128.946,32.896],[128.942,32.897],[128.942,32.9],[128.946,32.896]]],[[[128.91,32.886],[128.904,32.889],[128.912,32.895],[128.91,32.886]]],[[[129.038,32.887],[129.038,32.893],[129.04,32.889],[129.038,32.887]]],[[[129.836,32.889],[129.837,32.891],[129.838,32.89],[129.836,32.889]]],[[[129.599,32.88],[129.589,32.881],[129.599,32.89],[129.599,32.88]]],[[[128.94,32.8],[128.939,32.822],[128.914,32.821],[128.925,32.822],[128.918,32.843],[128.891,32.864],[128.878,32.856],[128.887,32.877],[128.909,32.872],[128.927,32.841],[128.922,32.869],[128.939,32.849],[128.94,32.884],[128.955,32.872],[128.962,32.85],[128.94,32.825],[128.94,32.8]]],[[[129.035,32.868],[129.03,32.882],[129.034,32.881],[129.035,32.868]]],[[[129.8,32.876],[129.797,32.878],[129.802,32.879],[129.8,32.876]]],[[[128.906,32.876],[128.904,32.876],[128.905,32.879],[128.906,32.876]]],[[[129.549,32.875],[129.543,32.878],[129.548,32.877],[129.549,32.875]]],[[[129.93,32.869],[129.924,32.872],[129.933,32.87],[129.93,32.869]]],[[[129.808,32.866],[129.804,32.87],[129.812,32.869],[129.808,32.866]]],[[[129.045,32.864],[129.042,32.865],[129.039,32.869],[129.045,32.864]]],[[[129.558,32.866],[129.552,32.868],[129.563,32.868],[129.558,32.866]]],[[[129.033,32.86],[129.031,32.869],[129.034,32.866],[129.033,32.86]]],[[[129.821,32.865],[129.823,32.869],[129.826,32.868],[129.821,32.865]]],[[[129.043,32.862],[129.042,32.864],[129.045,32.862],[129.043,32.862]]],[[[129.001,32.854],[129.003,32.863],[129.005,32.857],[129.001,32.854]]],[[[129.038,32.844],[129.036,32.852],[129.04,32.85],[129.038,32.844]]],[[[128.865,32.764],[128.835,32.782],[128.839,32.83],[128.861,32.833],[128.872,32.8],[128.877,32.81],[128.861,32.843],[128.899,32.822],[128.91,32.797],[128.865,32.764]]],[[[128.678,32.802],[128.672,32.806],[128.679,32.81],[128.678,32.802]]],[[[128.95,32.809],[128.947,32.81],[128.951,32.81],[128.95,32.809]]],[[[128.933,32.798],[128.928,32.806],[128.934,32.807],[128.933,32.798]]],[[[128.772,32.574],[128.738,32.606],[128.668,32.607],[128.658,32.593],[128.605,32.612],[128.61,32.646],[128.624,32.618],[128.646,32.611],[128.665,32.627],[128.636,32.628],[128.651,32.64],[128.643,32.654],[128.665,32.646],[128.649,32.657],[128.671,32.651],[128.674,32.668],[128.649,32.68],[128.654,32.779],[128.696,32.767],[128.691,32.739],[128.745,32.75],[128.752,32.769],[128.777,32.735],[128.791,32.761],[128.769,32.757],[128.773,32.772],[128.801,32.792],[128.825,32.761],[128.804,32.753],[128.833,32.761],[128.824,32.745],[128.854,32.745],[128.841,32.74],[128.844,32.705],[128.896,32.653],[128.892,32.641],[128.821,32.636],[128.808,32.655],[128.773,32.645],[128.765,32.617],[128.791,32.6],[128.772,32.574]]],[[[129.755,32.79],[129.761,32.793],[129.76,32.79],[129.755,32.79]]],[[[128.986,32.742],[128.965,32.747],[128.991,32.791],[129.007,32.772],[128.986,32.742]]],[[[128.965,32.762],[128.952,32.773],[128.959,32.775],[128.965,32.762]]],[[[129.984,32.746],[129.963,32.762],[129.977,32.76],[129.984,32.746]]],[[[130.372,32.761],[130.372,32.762],[130.373,32.761],[130.372,32.761]]],[[[130.006,32.752],[130.002,32.755],[130.006,32.753],[130.006,32.752]]],[[[129.997,32.753],[129.997,32.754],[129.999,32.753],[129.997,32.753]]],[[[129.006,32.753],[129.005,32.753],[129.005,32.754],[129.006,32.753]]],[[[128.841,32.753],[128.84,32.753],[128.842,32.753],[128.841,32.753]]],[[[128.873,32.739],[128.869,32.746],[128.877,32.75],[128.873,32.739]]],[[[128.773,32.737],[128.771,32.741],[128.773,32.744],[128.773,32.737]]],[[[128.598,32.711],[128.589,32.72],[128.601,32.74],[128.598,32.711]]],[[[128.862,32.72],[128.858,32.727],[128.866,32.726],[128.862,32.72]]],[[[128.854,32.719],[128.849,32.722],[128.853,32.723],[128.854,32.719]]],[[[129.815,32.718],[129.815,32.719],[129.817,32.718],[129.815,32.718]]],[[[129.779,32.69],[129.763,32.707],[129.773,32.71],[129.779,32.69]]],[[[128.897,32.694],[128.893,32.708],[128.903,32.708],[128.897,32.694]]],[[[128.622,32.637],[128.62,32.664],[128.639,32.674],[128.622,32.637]]],[[[129.754,32.649],[129.747,32.659],[129.758,32.664],[129.754,32.649]]],[[[129.736,32.626],[129.738,32.629],[129.739,32.629],[129.736,32.626]]],[[[128.777,32.619],[128.776,32.621],[128.779,32.621],[128.777,32.619]]],[[[128.778,32.615],[128.779,32.617],[128.781,32.616],[128.778,32.615]]],[[[128.84,32.596],[128.826,32.599],[128.839,32.605],[128.84,32.596]]],[[[128.92,32.592],[128.914,32.594],[128.928,32.594],[128.92,32.592]]],[[[128.903,32.586],[128.896,32.587],[128.902,32.59],[128.903,32.586]]],[[[128.707,32.579],[128.715,32.583],[128.721,32.58],[128.707,32.579]]],[[[128.902,32.561],[128.891,32.565],[128.903,32.57],[128.902,32.561]]],[[[129.775,32.549],[129.785,32.566],[129.79,32.557],[129.775,32.549]]],[[[128.405,32.037],[128.381,32.038],[128.411,32.053],[128.405,32.037]]],[[[128.378,32.031],[128.376,32.035],[128.379,32.032],[128.378,32.031]]],[[[128.368,32.023],[128.372,32.03],[128.372,32.025],[128.368,32.023]]],[[[128.361,32.009],[128.359,32.01],[128.363,32.014],[128.361,32.009]]],[[[128.349,31.989],[128.344,32.003],[128.355,32.008],[128.349,31.989]]],[[[129.443,34.724],[129.445,34.725],[129.443,34.723],[129.443,34.724]]],[[[129.429,34.719],[129.43,34.72],[129.431,34.718],[129.429,34.719]]],[[[128.804,33.191],[128.804,33.19],[128.803,33.19],[128.804,33.191]]],[[[128.803,33.184],[128.804,33.183],[128.803,33.184],[128.803,33.184]]],[[[128.107,32.249],[128.108,32.249],[128.108,32.248],[128.107,32.249]]],[[[128.105,32.245],[128.105,32.245],[128.105,32.244],[128.105,32.245]]],[[[128.105,32.244],[128.105,32.244],[128.105,32.243],[128.105,32.244]]],[[[128.394,32.059],[128.394,32.058],[128.394,32.059],[128.394,32.059]]],[[[128.348,31.989],[128.35,31.987],[128.348,31.987],[128.348,31.989]]],[[[128.803,33.185],[128.803,33.185],[128.803,33.185],[128.803,33.185]]],[[[128.803,33.183],[128.804,33.183],[128.803,33.182],[128.803,33.183]]],[[[129.681,33.872],[129.683,33.873],[129.683,33.872],[129.681,33.872]]]]}},{"type":"Feature","properties":{"nam_ja":"秋田県","id":5},"geometry":{"type":"MultiPolygon","coordinates":[[[[140.88,40.511],[140.861,40.441],[140.893,40.424],[140.985,40.428],[140.995,40.354],[140.972,40.345],[140.944,40.297],[140.955,40.25],[140.942,40.228],[140.905,40.222],[140.861,40.174],[140.879,40.16],[140.867,40.131],[140.881,40.114],[140.852,40.08],[140.846,39.974],[140.879,39.878],[140.857,39.869],[140.826,39.887],[140.783,39.866],[140.787,39.824],[140.848,39.796],[140.784,39.739],[140.818,39.691],[140.82,39.653],[140.796,39.603],[140.728,39.556],[140.741,39.535],[140.714,39.498],[140.721,39.485],[140.683,39.458],[140.683,39.422],[140.66,39.415],[140.654,39.391],[140.68,39.382],[140.704,39.343],[140.693,39.302],[140.789,39.238],[140.767,39.2],[140.809,39.18],[140.777,39.169],[140.752,39.133],[140.765,39.128],[140.759,39.085],[140.801,39.077],[140.81,39.057],[140.769,39.003],[140.774,38.958],[140.736,38.951],[140.67,38.897],[140.554,38.877],[140.537,38.901],[140.497,38.898],[140.462,38.92],[140.432,38.992],[140.38,38.995],[140.329,39.035],[140.311,39.014],[140.261,39.036],[140.202,39.035],[140.202,39.059],[140.151,39.05],[140.063,39.093],[140.063,39.134],[140.008,39.123],[139.995,39.106],[139.872,39.119],[139.902,39.17],[139.894,39.215],[139.917,39.276],[139.98,39.313],[140.026,39.42],[140.061,39.608],[140.05,39.774],[140.046,39.764],[140,39.853],[139.921,39.901],[139.859,39.896],[139.85,39.863],[139.755,39.857],[139.735,39.904],[139.71,39.923],[139.703,39.944],[139.718,39.96],[139.708,39.957],[139.693,39.996],[139.701,40.007],[139.724,39.982],[139.813,39.959],[139.885,40],[139.953,40.087],[139.99,40.201],[140.015,40.219],[140,40.22],[140.026,40.337],[140.011,40.375],[139.936,40.429],[140,40.433],[140.018,40.421],[140.02,40.448],[140.068,40.469],[140.117,40.436],[140.335,40.44],[140.344,40.462],[140.388,40.488],[140.437,40.479],[140.439,40.454],[140.528,40.432],[140.525,40.411],[140.56,40.398],[140.57,40.401],[140.559,40.426],[140.589,40.431],[140.647,40.404],[140.694,40.428],[140.734,40.417],[140.733,40.438],[140.788,40.458],[140.804,40.45],[140.822,40.497],[140.88,40.511]]],[[[139.699,40.013],[139.698,40.017],[139.701,40.014],[139.699,40.013]]],[[[140.039,39.759],[140.016,39.772],[140.033,39.761],[140.038,39.761],[140.039,39.759]]],[[[139.522,39.188],[139.527,39.182],[139.524,39.179],[139.522,39.188]]]]}},{"type":"Feature","properties":{"nam_ja":"岡山県","id":33},"geometry":{"type":"MultiPolygon","coordinates":[[[[134.014,35.35],[134.001,35.318],[134.01,35.308],[134.094,35.306],[134.134,35.283],[134.167,35.172],[134.26,35.21],[134.281,35.197],[134.315,35.201],[134.393,35.253],[134.402,35.241],[134.38,35.208],[134.411,35.186],[134.41,35.151],[134.369,35.147],[134.349,35.09],[134.318,35.083],[134.316,35.043],[134.264,35.016],[134.286,34.996],[134.255,34.947],[134.29,34.911],[134.253,34.851],[134.261,34.831],[134.316,34.802],[134.334,34.768],[134.318,34.753],[134.323,34.731],[134.275,34.734],[134.243,34.715],[134.186,34.738],[134.204,34.723],[134.193,34.72],[134.214,34.716],[134.199,34.709],[134.242,34.703],[134.193,34.656],[134.173,34.653],[134.183,34.637],[134.17,34.614],[134.147,34.617],[134.112,34.588],[134.059,34.585],[134.063,34.605],[133.997,34.613],[133.945,34.599],[133.955,34.587],[134.025,34.599],[134.044,34.578],[134.022,34.546],[134.001,34.545],[133.999,34.519],[133.976,34.534],[133.959,34.524],[133.963,34.495],[133.938,34.481],[133.938,34.455],[133.818,34.469],[133.816,34.437],[133.791,34.44],[133.739,34.516],[133.722,34.501],[133.743,34.47],[133.703,34.478],[133.703,34.54],[133.691,34.54],[133.683,34.507],[133.659,34.52],[133.594,34.491],[133.596,34.476],[133.54,34.462],[133.489,34.512],[133.524,34.46],[133.478,34.443],[133.484,34.466],[133.456,34.46],[133.449,34.477],[133.446,34.55],[133.386,34.616],[133.402,34.67],[133.362,34.727],[133.378,34.805],[133.297,34.89],[133.309,34.937],[133.297,34.955],[133.321,35.006],[133.268,35.058],[133.29,35.072],[133.288,35.096],[133.402,35.114],[133.411,35.135],[133.393,35.168],[133.408,35.186],[133.45,35.172],[133.501,35.193],[133.52,35.182],[133.505,35.229],[133.559,35.246],[133.595,35.343],[133.678,35.319],[133.745,35.319],[133.8,35.291],[133.831,35.249],[133.872,35.293],[133.919,35.307],[133.932,35.334],[134.014,35.35]]],[[[134.321,34.703],[134.275,34.715],[134.294,34.73],[134.347,34.709],[134.321,34.703]]],[[[134.209,34.72],[134.211,34.726],[134.219,34.722],[134.209,34.72]]],[[[134.262,34.708],[134.248,34.71],[134.269,34.709],[134.262,34.708]]],[[[134.258,34.69],[134.254,34.707],[134.266,34.701],[134.258,34.69]]],[[[134.288,34.697],[134.279,34.703],[134.29,34.701],[134.288,34.697]]],[[[134.262,34.675],[134.254,34.688],[134.273,34.682],[134.262,34.675]]],[[[134.296,34.68],[134.29,34.684],[134.298,34.684],[134.296,34.68]]],[[[134.225,34.668],[134.218,34.675],[134.24,34.679],[134.225,34.668]]],[[[134.168,34.603],[134.194,34.616],[134.194,34.608],[134.168,34.603]]],[[[134.201,34.607],[134.207,34.612],[134.21,34.612],[134.201,34.607]]],[[[133.985,34.605],[133.984,34.607],[133.987,34.608],[133.985,34.605]]],[[[134.193,34.596],[134.19,34.602],[134.198,34.601],[134.193,34.596]]],[[[134.157,34.597],[134.159,34.6],[134.162,34.6],[134.157,34.597]]],[[[134.097,34.56],[134.105,34.567],[134.106,34.561],[134.097,34.56]]],[[[134.109,34.561],[134.107,34.564],[134.11,34.562],[134.109,34.561]]],[[[134.023,34.507],[134.017,34.497],[134.008,34.498],[134.023,34.507]]],[[[133.711,34.461],[133.707,34.464],[133.716,34.462],[133.711,34.461]]],[[[133.747,34.454],[133.745,34.455],[133.747,34.455],[133.747,34.454]]],[[[133.853,34.446],[133.852,34.45],[133.853,34.449],[133.853,34.446]]],[[[133.498,34.431],[133.496,34.431],[133.498,34.437],[133.498,34.431]]],[[[133.499,34.424],[133.505,34.433],[133.515,34.43],[133.499,34.424]]],[[[133.77,34.419],[133.76,34.427],[133.774,34.427],[133.77,34.419]]],[[[133.814,34.425],[133.816,34.426],[133.818,34.426],[133.814,34.425]]],[[[133.832,34.417],[133.828,34.424],[133.836,34.425],[133.832,34.417]]],[[[133.919,34.418],[133.922,34.421],[133.925,34.419],[133.919,34.418]]],[[[133.513,34.39],[133.506,34.402],[133.526,34.416],[133.513,34.39]]],[[[133.545,34.367],[133.516,34.384],[133.542,34.402],[133.545,34.367]]],[[[133.497,34.382],[133.495,34.384],[133.5,34.383],[133.497,34.382]]],[[[133.586,34.377],[133.583,34.378],[133.586,34.381],[133.586,34.377]]],[[[133.573,34.348],[133.572,34.359],[133.591,34.359],[133.573,34.348]]],[[[133.522,34.343],[133.516,34.352],[133.521,34.349],[133.522,34.343]]],[[[133.508,34.335],[133.497,34.34],[133.498,34.351],[133.508,34.335]]],[[[133.534,34.298],[133.526,34.308],[133.537,34.309],[133.534,34.298]]]]}},{"type":"Feature","properties":{"nam_ja":"福岡県","id":40},"geometry":{"type":"MultiPolygon","coordinates":[[[[130.104,34.239],[130.098,34.243],[130.112,34.248],[130.104,34.239]]],[[[130.728,34.008],[130.721,34.018],[130.731,34.016],[130.728,34.008]]],[[[130.717,34.001],[130.709,34.003],[130.71,34.005],[130.717,34.001]]],[[[130.809,34.003],[130.808,34.003],[130.809,34.003],[130.809,34.003]]],[[[130.821,33.986],[130.809,33.999],[130.814,34.001],[130.821,33.986]]],[[[130.856,33.966],[130.85,33.968],[130.86,33.966],[130.856,33.966]]],[[[130.672,33.919],[130.698,33.939],[130.737,33.926],[130.769,33.947],[130.758,33.925],[130.806,33.931],[130.814,33.903],[130.753,33.878],[130.745,33.888],[130.747,33.876],[130.795,33.885],[130.799,33.874],[130.823,33.92],[130.854,33.929],[130.849,33.92],[130.864,33.92],[130.849,33.91],[130.887,33.902],[130.877,33.89],[130.914,33.896],[130.972,33.96],[131.018,33.96],[131.001,33.925],[131.013,33.92],[130.987,33.9],[130.993,33.851],[130.96,33.839],[130.966,33.809],[131.004,33.806],[130.986,33.788],[130.997,33.796],[131.003,33.783],[130.991,33.773],[131.011,33.778],[131.017,33.768],[131,33.757],[131.099,33.619],[131.178,33.62],[131.173,33.577],[131.187,33.546],[131.166,33.528],[131.176,33.508],[131.029,33.518],[130.971,33.503],[130.899,33.449],[130.885,33.38],[130.842,33.349],[130.865,33.293],[130.852,33.278],[130.86,33.267],[130.824,33.253],[130.825,33.237],[130.858,33.23],[130.836,33.211],[130.887,33.187],[130.852,33.109],[130.825,33.106],[130.734,33.153],[130.691,33.152],[130.679,33.171],[130.659,33.116],[130.584,33.115],[130.56,33.098],[130.565,33.087],[130.494,33.049],[130.512,33.008],[130.396,33],[130.427,33.037],[130.41,33.086],[130.355,33.14],[130.339,33.203],[130.372,33.219],[130.389,33.253],[130.415,33.253],[130.43,33.284],[130.442,33.264],[130.467,33.289],[130.455,33.294],[130.482,33.305],[130.484,33.333],[130.497,33.326],[130.532,33.346],[130.535,33.436],[130.497,33.445],[130.413,33.398],[130.398,33.424],[130.277,33.478],[130.039,33.47],[130.045,33.494],[130.122,33.509],[130.152,33.537],[130.165,33.556],[130.12,33.549],[130.128,33.57],[130.101,33.564],[130.089,33.584],[130.146,33.595],[130.167,33.632],[130.208,33.649],[130.206,33.664],[130.231,33.652],[130.231,33.617],[130.274,33.605],[130.27,33.583],[130.392,33.597],[130.384,33.607],[130.413,33.617],[130.405,33.65],[130.432,33.659],[130.432,33.679],[130.372,33.666],[130.36,33.645],[130.3,33.66],[130.289,33.686],[130.322,33.66],[130.395,33.685],[130.466,33.753],[130.467,33.783],[130.446,33.791],[130.443,33.815],[130.472,33.818],[130.477,33.858],[130.516,33.86],[130.542,33.889],[130.635,33.885],[130.672,33.919]]],[[[130.822,33.93],[130.781,33.938],[130.832,33.95],[130.845,33.939],[130.822,33.93]]],[[[130.426,33.887],[130.408,33.905],[130.447,33.911],[130.426,33.887]]],[[[130.501,33.895],[130.486,33.911],[130.508,33.896],[130.501,33.895]]],[[[130.036,33.862],[130.033,33.865],[130.035,33.874],[130.036,33.862]]],[[[130.469,33.86],[130.468,33.864],[130.473,33.86],[130.469,33.86]]],[[[131.032,33.82],[131.025,33.856],[131.035,33.857],[131.032,33.82]]],[[[130.977,33.828],[130.972,33.829],[130.975,33.83],[130.977,33.828]]],[[[131.007,33.828],[131.008,33.829],[131.009,33.828],[131.007,33.828]]],[[[131.009,33.79],[131.007,33.79],[131.011,33.794],[131.009,33.79]]],[[[130.363,33.755],[130.361,33.767],[130.38,33.759],[130.363,33.755]]],[[[130.234,33.683],[130.224,33.691],[130.235,33.692],[130.234,33.683]]],[[[130.405,33.658],[130.416,33.675],[130.428,33.665],[130.405,33.658]]],[[[130.302,33.607],[130.297,33.634],[130.313,33.616],[130.302,33.607]]],[[[130.05,33.565],[130.043,33.57],[130.054,33.573],[130.05,33.565]]]]}},{"type":"Feature","properties":{"nam_ja":"岐阜県","id":21},"geometry":{"type":"Polygon","coordinates":[[[137.058,36.372],[137.091,36.383],[137.161,36.457],[137.191,36.455],[137.205,36.434],[137.246,36.461],[137.257,36.452],[137.309,36.464],[137.313,36.425],[137.385,36.456],[137.406,36.426],[137.443,36.414],[137.505,36.425],[137.54,36.393],[137.587,36.39],[137.587,36.374],[137.646,36.337],[137.653,36.305],[137.575,36.213],[137.59,36.164],[137.559,36.144],[137.554,36.107],[137.612,36.078],[137.595,36.013],[137.549,35.986],[137.48,35.898],[137.38,35.892],[137.362,35.849],[137.335,35.844],[137.326,35.816],[137.338,35.798],[137.394,35.797],[137.464,35.755],[137.498,35.687],[137.545,35.65],[137.514,35.607],[137.566,35.585],[137.577,35.544],[137.627,35.512],[137.631,35.47],[137.593,35.447],[137.633,35.399],[137.576,35.4],[137.601,35.331],[137.564,35.313],[137.562,35.289],[137.526,35.284],[137.43,35.223],[137.417,35.24],[137.385,35.244],[137.383,35.26],[137.352,35.258],[137.301,35.29],[137.19,35.253],[137.165,35.283],[137.102,35.302],[137.082,35.292],[137.047,35.365],[136.978,35.404],[136.993,35.424],[136.963,35.42],[136.961,35.399],[136.921,35.379],[136.834,35.356],[136.777,35.37],[136.759,35.358],[136.678,35.241],[136.669,35.134],[136.646,35.166],[136.645,35.145],[136.622,35.148],[136.527,35.258],[136.442,35.217],[136.4,35.226],[136.378,35.243],[136.421,35.347],[136.415,35.373],[136.444,35.389],[136.411,35.419],[136.42,35.467],[136.388,35.496],[136.401,35.526],[136.372,35.56],[136.346,35.536],[136.317,35.554],[136.323,35.616],[136.293,35.619],[136.276,35.653],[136.324,35.717],[136.322,35.766],[136.378,35.795],[136.484,35.775],[136.501,35.753],[136.523,35.788],[136.567,35.779],[136.596,35.796],[136.622,35.788],[136.645,35.807],[136.666,35.785],[136.794,35.808],[136.8,35.837],[136.832,35.858],[136.822,35.896],[136.785,35.929],[136.793,35.943],[136.753,35.956],[136.751,35.99],[136.726,35.996],[136.74,36.055],[136.764,36.068],[136.757,36.1],[136.778,36.131],[136.776,36.165],[136.798,36.173],[136.847,36.244],[136.795,36.294],[136.8,36.305],[136.825,36.303],[136.838,36.344],[136.865,36.35],[136.868,36.365],[136.875,36.343],[136.907,36.361],[136.955,36.338],[136.971,36.315],[136.967,36.277],[137.045,36.324],[137.058,36.372]]]}},{"type":"Feature","properties":{"nam_ja":"青森県","id":2},"geometry":{"type":"MultiPolygon","coordinates":[[[[140.912,41.553],[140.91,41.556],[140.915,41.555],[140.912,41.553]]],[[[140.779,41.211],[140.8,41.323],[140.837,41.411],[140.905,41.492],[140.899,41.523],[140.913,41.547],[140.997,41.489],[141.105,41.466],[141.193,41.388],[141.266,41.357],[141.372,41.37],[141.461,41.432],[141.46,41.388],[141.39,41.17],[141.387,40.942],[141.416,40.753],[141.448,40.642],[141.502,40.547],[141.544,40.528],[141.576,40.543],[141.682,40.453],[141.587,40.407],[141.587,40.381],[141.545,40.351],[141.443,40.376],[141.357,40.334],[141.317,40.373],[141.207,40.313],[141.122,40.291],[141.107,40.282],[141.109,40.261],[141.006,40.218],[140.97,40.227],[140.945,40.288],[140.962,40.348],[140.988,40.349],[140.996,40.372],[140.985,40.428],[140.893,40.424],[140.861,40.441],[140.88,40.511],[140.815,40.49],[140.804,40.45],[140.736,40.44],[140.734,40.417],[140.7,40.43],[140.655,40.405],[140.59,40.437],[140.555,40.422],[140.568,40.4],[140.542,40.403],[140.528,40.432],[140.48,40.453],[140.441,40.45],[140.438,40.479],[140.388,40.488],[140.344,40.462],[140.335,40.44],[140.108,40.436],[140.068,40.469],[140.027,40.454],[140.018,40.428],[139.936,40.429],[139.942,40.549],[139.918,40.587],[139.868,40.587],[139.861,40.609],[139.906,40.646],[139.928,40.643],[140,40.745],[140.065,40.768],[140.112,40.742],[140.247,40.797],[140.302,40.917],[140.324,41.046],[140.306,41.107],[140.249,41.134],[140.311,41.137],[140.342,41.253],[140.396,41.235],[140.461,41.185],[140.497,41.189],[140.549,41.228],[140.631,41.192],[140.643,41.17],[140.635,41.087],[140.677,40.892],[140.697,40.857],[140.734,40.834],[140.805,40.842],[140.861,40.892],[140.867,40.94],[140.845,40.95],[140.888,41.011],[140.939,40.996],[140.984,40.961],[140.982,40.934],[141.064,40.914],[141.105,40.873],[141.145,40.878],[141.199,40.931],[141.277,41.17],[141.203,41.269],[141.158,41.277],[141.134,41.245],[141.157,41.253],[141.144,41.235],[141.061,41.187],[140.982,41.2],[140.946,41.175],[140.858,41.162],[140.812,41.129],[140.767,41.146],[140.765,41.194],[140.779,41.211]]],[[[140.877,41.012],[140.872,41.013],[140.872,41.018],[140.877,41.012]]],[[[140.856,40.932],[140.853,40.933],[140.855,40.936],[140.856,40.932]]],[[[139.497,40.534],[139.498,40.534],[139.498,40.534],[139.497,40.534]]]]}},{"type":"Feature","properties":{"nam_ja":"大阪府","id":27},"geometry":{"type":"MultiPolygon","coordinates":[[[[135.371,35.045],[135.38,35.015],[135.484,34.993],[135.484,34.947],[135.513,34.944],[135.542,34.915],[135.581,34.924],[135.562,34.945],[135.573,34.972],[135.603,34.971],[135.617,34.961],[135.6,34.928],[135.65,34.923],[135.691,34.856],[135.745,34.804],[135.707,34.772],[135.704,34.724],[135.673,34.702],[135.655,34.611],[135.678,34.592],[135.653,34.541],[135.677,34.525],[135.68,34.408],[135.655,34.385],[135.584,34.376],[135.508,34.337],[135.479,34.358],[135.346,34.331],[135.301,34.304],[135.208,34.308],[135.184,34.279],[135.114,34.274],[135.096,34.296],[135.101,34.319],[135.218,34.345],[135.372,34.478],[135.378,34.532],[135.371,34.523],[135.39,34.505],[135.432,34.532],[135.444,34.551],[135.41,34.561],[135.402,34.6],[135.42,34.573],[135.463,34.583],[135.426,34.593],[135.424,34.605],[135.445,34.598],[135.423,34.611],[135.441,34.626],[135.446,34.615],[135.451,34.645],[135.419,34.653],[135.424,34.693],[135.403,34.693],[135.46,34.733],[135.416,34.819],[135.417,34.852],[135.445,34.898],[135.433,34.892],[135.427,34.906],[135.465,34.92],[135.349,34.964],[135.354,35.024],[135.334,35.035],[135.349,35.051],[135.371,35.045]]],[[[135.41,34.659],[135.395,34.662],[135.402,34.673],[135.41,34.659]]],[[[135.392,34.642],[135.379,34.643],[135.379,34.66],[135.398,34.657],[135.392,34.642]]],[[[135.422,34.622],[135.404,34.631],[135.439,34.641],[135.422,34.622]]],[[[135.418,34.611],[135.399,34.621],[135.418,34.62],[135.418,34.611]]],[[[135.426,34.547],[135.436,34.543],[135.422,34.526],[135.405,34.53],[135.405,34.547],[135.426,34.547]]],[[[135.394,34.531],[135.401,34.521],[135.388,34.524],[135.394,34.531]]],[[[135.334,34.446],[135.338,34.463],[135.347,34.459],[135.334,34.446]]],[[[135.229,34.446],[135.241,34.455],[135.24,34.439],[135.265,34.438],[135.227,34.413],[135.218,34.422],[135.23,34.43],[135.206,34.423],[135.229,34.446]]]]}},{"type":"Feature","properties":{"nam_ja":"長野県","id":20},"geometry":{"type":"Polygon","coordinates":[[[138.525,37.031],[138.563,37.022],[138.586,36.987],[138.584,36.931],[138.597,36.907],[138.693,36.852],[138.68,36.822],[138.688,36.796],[138.671,36.782],[138.693,36.745],[138.615,36.71],[138.52,36.693],[138.529,36.656],[138.464,36.637],[138.42,36.577],[138.428,36.556],[138.397,36.489],[138.401,36.44],[138.49,36.402],[138.494,36.414],[138.533,36.402],[138.6,36.424],[138.644,36.412],[138.654,36.303],[138.609,36.281],[138.604,36.253],[138.632,36.217],[138.623,36.197],[138.637,36.174],[138.577,36.168],[138.598,36.138],[138.635,36.134],[138.644,36.051],[138.631,36.028],[138.704,35.988],[138.738,35.934],[138.729,35.909],[138.69,35.896],[138.676,35.87],[138.622,35.87],[138.612,35.909],[138.591,35.92],[138.509,35.922],[138.471,35.897],[138.447,35.914],[138.454,35.939],[138.44,35.952],[138.372,35.971],[138.283,35.859],[138.238,35.882],[138.186,35.795],[138.236,35.758],[138.184,35.72],[138.218,35.645],[138.185,35.574],[138.163,35.582],[138.147,35.559],[138.156,35.55],[138.138,35.522],[138.155,35.459],[138.122,35.456],[138.121,35.429],[138.152,35.398],[138.144,35.376],[138.084,35.338],[138.057,35.344],[138.019,35.301],[137.93,35.276],[137.913,35.253],[137.895,35.258],[137.872,35.219],[137.78,35.203],[137.768,35.218],[137.682,35.235],[137.644,35.209],[137.579,35.198],[137.546,35.253],[137.567,35.29],[137.557,35.31],[137.601,35.331],[137.598,35.378],[137.575,35.4],[137.633,35.399],[137.593,35.447],[137.631,35.47],[137.632,35.509],[137.574,35.547],[137.571,35.583],[137.538,35.584],[137.514,35.607],[137.539,35.659],[137.498,35.687],[137.465,35.753],[137.398,35.776],[137.394,35.797],[137.338,35.798],[137.326,35.816],[137.331,35.837],[137.362,35.849],[137.38,35.892],[137.432,35.905],[137.476,35.894],[137.543,35.983],[137.595,36.013],[137.614,36.076],[137.551,36.11],[137.555,36.14],[137.59,36.164],[137.595,36.191],[137.574,36.22],[137.653,36.305],[137.646,36.337],[137.618,36.365],[137.588,36.372],[137.587,36.39],[137.633,36.426],[137.667,36.503],[137.705,36.518],[137.71,36.536],[137.685,36.54],[137.695,36.569],[137.752,36.595],[137.752,36.753],[137.82,36.799],[137.877,36.871],[137.862,36.892],[137.869,36.916],[138.006,36.905],[138.031,36.878],[138.003,36.827],[138.053,36.8],[138.115,36.85],[138.166,36.845],[138.214,36.87],[138.289,36.847],[138.295,36.905],[138.318,36.925],[138.343,36.921],[138.4,36.997],[138.525,37.031]]]}},{"type":"Feature","properties":{"nam_ja":"大分県","id":44},"geometry":{"type":"MultiPolygon","coordinates":[[[[131.633,33.717],[131.666,33.74],[131.701,33.73],[131.633,33.717]]],[[[131.544,33.677],[131.575,33.675],[131.585,33.692],[131.66,33.67],[131.733,33.579],[131.738,33.465],[131.702,33.407],[131.635,33.423],[131.626,33.41],[131.649,33.384],[131.598,33.371],[131.592,33.347],[131.503,33.362],[131.507,33.276],[131.588,33.246],[131.631,33.272],[131.659,33.273],[131.666,33.258],[131.666,33.275],[131.691,33.279],[131.758,33.24],[131.754,33.252],[131.872,33.249],[131.867,33.258],[131.902,33.268],[131.801,33.13],[131.844,33.115],[131.898,33.135],[131.897,33.116],[131.858,33.091],[131.922,33.066],[131.939,33.097],[131.945,33.068],[131.968,33.062],[132.001,33.096],[132.004,33.065],[132.017,33.061],[131.926,33.045],[131.896,32.984],[131.937,32.952],[131.963,32.948],[131.972,32.962],[131.977,32.94],[131.997,32.954],[132.003,32.932],[132.045,32.948],[132.084,32.934],[132.027,32.936],[131.997,32.91],[131.977,32.923],[131.985,32.89],[132.01,32.893],[131.943,32.837],[131.963,32.819],[131.991,32.842],[132.005,32.826],[131.975,32.796],[131.954,32.807],[131.936,32.785],[131.919,32.8],[131.919,32.786],[131.897,32.787],[131.889,32.805],[131.894,32.77],[131.879,32.791],[131.872,32.75],[131.884,32.75],[131.872,32.74],[131.844,32.747],[131.858,32.821],[131.769,32.837],[131.735,32.829],[131.712,32.774],[131.597,32.774],[131.569,32.755],[131.513,32.769],[131.517,32.8],[131.475,32.837],[131.359,32.804],[131.34,32.833],[131.263,32.879],[131.246,32.941],[131.263,32.976],[131.223,33.018],[131.214,33.055],[131.174,33.083],[131.16,33.141],[131.099,33.188],[131.038,33.194],[130.991,33.177],[130.981,33.147],[131.023,33.087],[131.011,33.043],[130.988,33.024],[130.839,33.101],[130.861,33.118],[130.887,33.187],[130.836,33.211],[130.855,33.226],[130.829,33.235],[130.829,33.258],[130.865,33.262],[130.85,33.337],[130.835,33.343],[130.88,33.378],[130.899,33.449],[130.925,33.457],[130.925,33.478],[131.036,33.518],[131.169,33.505],[131.166,33.528],[131.187,33.546],[131.172,33.587],[131.185,33.616],[131.251,33.604],[131.288,33.578],[131.425,33.573],[131.423,33.587],[131.497,33.645],[131.497,33.666],[131.529,33.673],[131.522,33.684],[131.544,33.677]]],[[[131.945,33.271],[131.937,33.277],[131.955,33.275],[131.945,33.271]]],[[[131.743,33.257],[131.738,33.26],[131.739,33.26],[131.743,33.257]]],[[[131.894,33.235],[131.889,33.236],[131.893,33.238],[131.894,33.235]]],[[[131.838,33.176],[131.835,33.177],[131.837,33.178],[131.838,33.176]]],[[[131.98,33.163],[131.982,33.17],[131.989,33.171],[131.98,33.163]]],[[[131.973,33.155],[131.969,33.156],[131.978,33.16],[131.973,33.155]]],[[[131.859,33.139],[131.858,33.143],[131.862,33.143],[131.859,33.139]]],[[[132.003,33.097],[132.004,33.109],[132.014,33.107],[132.003,33.097]]],[[[131.892,33.1],[131.892,33.104],[131.895,33.102],[131.892,33.1]]],[[[131.924,32.98],[131.913,32.982],[131.92,33.013],[131.942,33.016],[131.924,32.98]]],[[[131.911,33.007],[131.908,33.011],[131.911,33.015],[131.911,33.007]]],[[[132.073,32.953],[132.06,32.964],[132.074,32.977],[132.073,32.953]]],[[[131.954,32.965],[131.952,32.971],[131.957,32.971],[131.954,32.965]]],[[[132.047,32.914],[132.045,32.92],[132.049,32.916],[132.047,32.914]]],[[[132.022,32.888],[132.023,32.889],[132.025,32.888],[132.022,32.888]]],[[[132.031,32.879],[132.03,32.881],[132.035,32.881],[132.031,32.879]]],[[[131.911,32.769],[131.909,32.779],[131.92,32.775],[131.911,32.769]]],[[[131.925,32.715],[131.92,32.726],[131.931,32.719],[131.925,32.715]]]]}},{"type":"Feature","properties":{"nam_ja":"三重県","id":24},"geometry":{"type":"MultiPolygon","coordinates":[[[[136.527,35.258],[136.622,35.148],[136.645,35.145],[136.644,35.162],[136.656,35.16],[136.678,35.129],[136.734,35.095],[136.773,35.024],[136.742,35.034],[136.65,34.991],[136.636,34.947],[136.663,34.946],[136.642,34.901],[136.534,34.753],[136.52,34.697],[136.525,34.681],[136.557,34.671],[136.532,34.617],[136.643,34.591],[136.695,34.547],[136.808,34.508],[136.816,34.485],[136.827,34.498],[136.849,34.472],[136.869,34.475],[136.876,34.429],[136.891,34.448],[136.917,34.448],[136.913,34.376],[136.883,34.39],[136.876,34.371],[136.82,34.365],[136.825,34.353],[136.851,34.368],[136.865,34.343],[136.908,34.365],[136.878,34.337],[136.898,34.278],[136.847,34.253],[136.771,34.259],[136.765,34.278],[136.838,34.262],[136.859,34.265],[136.845,34.281],[136.839,34.271],[136.834,34.291],[136.861,34.286],[136.835,34.296],[136.852,34.307],[136.807,34.31],[136.811,34.328],[136.792,34.288],[136.778,34.292],[136.777,34.315],[136.758,34.315],[136.766,34.294],[136.724,34.304],[136.693,34.289],[136.695,34.32],[136.729,34.334],[136.693,34.348],[136.686,34.327],[136.689,34.343],[136.657,34.342],[136.672,34.325],[136.638,34.308],[136.675,34.316],[136.658,34.288],[136.6,34.258],[136.572,34.275],[136.597,34.29],[136.562,34.285],[136.546,34.25],[136.541,34.27],[136.502,34.277],[136.518,34.243],[136.497,34.256],[136.504,34.244],[136.492,34.242],[136.51,34.232],[136.482,34.22],[136.46,34.244],[136.466,34.257],[136.45,34.249],[136.452,34.228],[136.419,34.211],[136.388,34.217],[136.365,34.191],[136.349,34.204],[136.359,34.207],[136.328,34.199],[136.335,34.183],[136.278,34.162],[136.285,34.117],[136.308,34.117],[136.297,34.086],[136.291,34.097],[136.275,34.084],[136.273,34.102],[136.249,34.095],[136.276,34.122],[136.266,34.125],[136.206,34.075],[136.244,34.063],[136.244,34.039],[136.278,34.024],[136.251,34.016],[136.271,33.973],[136.235,33.975],[136.247,33.98],[136.219,33.996],[136.192,33.972],[136.222,33.974],[136.218,33.935],[136.18,33.938],[136.196,33.923],[136.171,33.913],[136.147,33.928],[136.15,33.9],[136.088,33.872],[136.066,33.84],[136.011,33.724],[135.984,33.736],[135.966,33.724],[135.856,33.818],[135.853,33.861],[135.858,33.873],[135.865,33.861],[135.896,33.869],[135.901,33.884],[135.879,33.908],[135.894,33.906],[135.893,33.92],[135.932,33.917],[135.918,33.93],[135.941,33.94],[135.965,33.928],[135.982,33.968],[135.997,33.957],[136.011,33.966],[135.997,33.998],[136.019,34.036],[136.101,34.026],[136.093,34.083],[136.115,34.082],[136.099,34.119],[136.114,34.159],[136.093,34.19],[136.13,34.248],[136.095,34.301],[136.129,34.316],[136.069,34.394],[136.096,34.435],[136.206,34.449],[136.227,34.489],[136.216,34.523],[136.167,34.52],[136.156,34.555],[136.124,34.549],[136.048,34.583],[136.072,34.637],[136.04,34.66],[136.064,34.652],[136.082,34.68],[136.06,34.7],[136.07,34.714],[136.031,34.756],[136.022,34.792],[136.09,34.814],[136.094,34.84],[136.126,34.87],[136.087,34.876],[136.111,34.902],[136.131,34.883],[136.179,34.886],[136.25,34.858],[136.362,34.905],[136.414,34.98],[136.417,35.042],[136.442,35.087],[136.448,35.124],[136.436,35.13],[136.453,35.158],[136.408,35.187],[136.415,35.218],[136.502,35.235],[136.527,35.258]]],[[[136.666,34.973],[136.653,34.992],[136.675,35.002],[136.666,34.973]]],[[[136.982,34.541],[136.976,34.547],[136.986,34.55],[136.982,34.541]]],[[[136.911,34.54],[136.907,34.542],[136.915,34.544],[136.911,34.54]]],[[[136.859,34.506],[136.847,34.507],[136.903,34.531],[136.859,34.506]]],[[[136.853,34.519],[136.857,34.522],[136.863,34.52],[136.853,34.519]]],[[[136.84,34.516],[136.835,34.517],[136.845,34.52],[136.84,34.516]]],[[[136.836,34.502],[136.835,34.507],[136.838,34.507],[136.836,34.502]]],[[[136.886,34.477],[136.881,34.495],[136.908,34.503],[136.886,34.477]]],[[[136.857,34.483],[136.851,34.488],[136.858,34.491],[136.857,34.483]]],[[[136.895,34.456],[136.892,34.458],[136.897,34.461],[136.895,34.456]]],[[[136.889,34.451],[136.888,34.452],[136.89,34.453],[136.889,34.451]]],[[[136.873,34.357],[136.867,34.364],[136.874,34.367],[136.873,34.357]]],[[[136.714,34.334],[136.718,34.341],[136.719,34.337],[136.714,34.334]]],[[[136.815,34.305],[136.82,34.311],[136.825,34.307],[136.815,34.305]]],[[[136.82,34.299],[136.818,34.302],[136.821,34.299],[136.82,34.299]]],[[[136.813,34.299],[136.812,34.301],[136.817,34.301],[136.813,34.299]]],[[[136.68,34.295],[136.68,34.299],[136.683,34.297],[136.68,34.295]]],[[[136.823,34.296],[136.82,34.297],[136.825,34.3],[136.823,34.296]]],[[[136.816,34.296],[136.817,34.297],[136.817,34.296],[136.816,34.296]]],[[[136.822,34.288],[136.819,34.294],[136.831,34.291],[136.822,34.288]]],[[[136.812,34.287],[136.813,34.292],[136.822,34.29],[136.812,34.287]]],[[[136.825,34.285],[136.824,34.286],[136.826,34.286],[136.825,34.285]]],[[[136.84,34.267],[136.838,34.267],[136.838,34.269],[136.84,34.267]]],[[[136.548,34.242],[136.55,34.249],[136.555,34.245],[136.548,34.242]]],[[[136.379,34.193],[136.376,34.196],[136.378,34.196],[136.379,34.193]]],[[[136.403,34.192],[136.402,34.193],[136.404,34.193],[136.403,34.192]]],[[[136.399,34.19],[136.398,34.19],[136.399,34.191],[136.399,34.19]]],[[[136.381,34.183],[136.378,34.183],[136.379,34.184],[136.381,34.183]]],[[[136.325,34.164],[136.32,34.166],[136.317,34.175],[136.325,34.164]]],[[[136.305,34.17],[136.304,34.17],[136.303,34.171],[136.305,34.17]]],[[[136.301,34.157],[136.303,34.163],[136.306,34.16],[136.301,34.157]]],[[[136.366,34.148],[136.362,34.151],[136.366,34.151],[136.366,34.148]]],[[[136.256,34.069],[136.252,34.073],[136.255,34.071],[136.256,34.069]]],[[[136.262,34.058],[136.256,34.06],[136.263,34.06],[136.262,34.058]]]]}},{"type":"Feature","properties":{"nam_ja":"広島県","id":34},"geometry":{"type":"MultiPolygon","coordinates":[[[[132.859,35.093],[132.888,35.106],[132.95,35.075],[132.987,35.101],[133.033,35.068],[133.094,35.085],[133.147,35.067],[133.247,35.079],[133.316,35.011],[133.297,34.89],[133.378,34.805],[133.361,34.736],[133.403,34.672],[133.386,34.626],[133.453,34.53],[133.445,34.447],[133.415,34.459],[133.414,34.478],[133.406,34.462],[133.434,34.443],[133.431,34.424],[133.412,34.438],[133.386,34.422],[133.383,34.381],[133.346,34.365],[133.346,34.377],[133.28,34.395],[133.244,34.391],[133.272,34.413],[133.251,34.441],[133.255,34.427],[133.247,34.435],[133.218,34.409],[133.129,34.384],[133.088,34.394],[133.079,34.346],[133.044,34.333],[132.895,34.326],[132.851,34.297],[132.814,34.316],[132.785,34.276],[132.754,34.282],[132.753,34.261],[132.772,34.253],[132.754,34.239],[132.704,34.236],[132.635,34.202],[132.596,34.231],[132.568,34.198],[132.543,34.194],[132.531,34.221],[132.557,34.237],[132.518,34.256],[132.494,34.314],[132.497,34.349],[132.529,34.356],[132.518,34.361],[132.346,34.357],[132.23,34.253],[132.245,34.214],[132.196,34.204],[132.204,34.224],[132.145,34.236],[132.127,34.333],[132.069,34.356],[132.08,34.442],[132.042,34.5],[132.053,34.53],[132.125,34.583],[132.116,34.613],[132.159,34.69],[132.136,34.708],[132.221,34.75],[132.247,34.806],[132.291,34.778],[132.314,34.799],[132.372,34.801],[132.392,34.784],[132.433,34.818],[132.475,34.799],[132.544,34.798],[132.615,34.843],[132.669,34.833],[132.679,34.851],[132.697,34.843],[132.71,34.85],[132.7,34.882],[132.635,34.899],[132.683,34.945],[132.749,34.962],[132.859,35.093]]],[[[133.211,34.357],[133.18,34.365],[133.17,34.386],[133.236,34.406],[133.211,34.357]]],[[[133.171,34.373],[133.152,34.385],[133.161,34.391],[133.171,34.373]]],[[[133.398,34.378],[133.387,34.383],[133.402,34.385],[133.398,34.378]]],[[[133.27,34.361],[133.257,34.378],[133.271,34.379],[133.27,34.361]]],[[[133.243,34.371],[133.238,34.374],[133.24,34.38],[133.243,34.371]]],[[[133.303,34.343],[133.29,34.355],[133.3,34.367],[133.331,34.37],[133.337,34.359],[133.303,34.343]]],[[[133.135,34.36],[133.145,34.371],[133.145,34.363],[133.135,34.36]]],[[[133.099,34.36],[133.1,34.364],[133.108,34.366],[133.099,34.36]]],[[[133.112,34.318],[133.096,34.323],[133.116,34.36],[133.112,34.318]]],[[[133.192,34.275],[133.14,34.327],[133.148,34.355],[133.173,34.357],[133.207,34.319],[133.192,34.275]]],[[[133.141,34.352],[133.138,34.358],[133.141,34.357],[133.141,34.352]]],[[[133.262,34.332],[133.281,34.357],[133.285,34.339],[133.262,34.332]]],[[[133.466,34.354],[133.465,34.357],[133.467,34.355],[133.466,34.354]]],[[[132.463,34.34],[132.458,34.344],[132.459,34.352],[132.463,34.34]]],[[[133.446,34.336],[133.428,34.344],[133.438,34.351],[133.446,34.336]]],[[[132.481,34.331],[132.476,34.346],[132.485,34.344],[132.481,34.331]]],[[[133.077,34.302],[133.065,34.305],[133.076,34.334],[133.077,34.302]]],[[[132.433,34.297],[132.422,34.3],[132.442,34.326],[132.433,34.297]]],[[[132.948,34.309],[132.936,34.324],[132.942,34.324],[132.948,34.309]]],[[[132.464,34.311],[132.46,34.312],[132.462,34.317],[132.464,34.311]]],[[[133.461,34.31],[133.458,34.316],[133.469,34.31],[133.461,34.31]]],[[[133.083,34.256],[133.068,34.264],[133.083,34.308],[133.139,34.315],[133.147,34.29],[133.083,34.256]]],[[[132.993,34.303],[132.988,34.315],[132.997,34.309],[132.993,34.303]]],[[[132.274,34.231],[132.263,34.251],[132.288,34.286],[132.337,34.305],[132.346,34.281],[132.274,34.231]]],[[[132.916,34.28],[132.914,34.3],[132.925,34.297],[132.916,34.28]]],[[[132.428,34.128],[132.45,34.181],[132.443,34.194],[132.423,34.18],[132.385,34.225],[132.376,34.264],[132.422,34.256],[132.438,34.227],[132.457,34.23],[132.472,34.208],[132.468,34.246],[132.435,34.247],[132.434,34.285],[132.48,34.285],[132.478,34.296],[132.497,34.269],[132.49,34.204],[132.471,34.18],[132.49,34.15],[132.428,34.128]]],[[[132.363,34.289],[132.36,34.289],[132.361,34.292],[132.363,34.289]]],[[[132.814,34.287],[132.813,34.288],[132.817,34.291],[132.818,34.29],[132.814,34.287]]],[[[132.885,34.276],[132.883,34.29],[132.887,34.281],[132.885,34.276]]],[[[132.938,34.283],[132.942,34.288],[132.944,34.284],[132.938,34.283]]],[[[132.879,34.206],[132.857,34.208],[132.837,34.242],[132.882,34.248],[132.886,34.262],[132.903,34.249],[132.935,34.281],[132.914,34.212],[132.879,34.206]]],[[[132.803,34.269],[132.791,34.272],[132.805,34.282],[132.803,34.269]]],[[[132.364,34.274],[132.377,34.279],[132.377,34.274],[132.364,34.274]]],[[[132.906,34.271],[132.907,34.278],[132.91,34.274],[132.906,34.271]]],[[[132.888,34.269],[132.886,34.271],[132.889,34.271],[132.888,34.269]]],[[[132.875,34.255],[132.863,34.263],[132.868,34.271],[132.875,34.255]]],[[[132.77,34.264],[132.773,34.268],[132.774,34.265],[132.77,34.264]]],[[[132.784,34.256],[132.782,34.262],[132.786,34.26],[132.784,34.256]]],[[[132.779,34.258],[132.773,34.261],[132.776,34.26],[132.779,34.258]]],[[[132.861,34.251],[132.86,34.253],[132.861,34.255],[132.861,34.251]]],[[[132.865,34.253],[132.864,34.254],[132.865,34.254],[132.865,34.253]]],[[[132.357,34.236],[132.354,34.238],[132.354,34.242],[132.357,34.236]]],[[[132.694,34.217],[132.695,34.223],[132.7,34.221],[132.694,34.217]]],[[[132.738,34.158],[132.742,34.167],[132.686,34.183],[132.686,34.196],[132.759,34.192],[132.765,34.179],[132.738,34.158]]],[[[132.663,34.17],[132.648,34.185],[132.667,34.2],[132.683,34.186],[132.663,34.17]]],[[[132.318,34.195],[132.316,34.199],[132.318,34.201],[132.318,34.195]]],[[[132.55,34.079],[132.531,34.103],[132.46,34.082],[132.447,34.105],[132.507,34.141],[132.495,34.17],[132.526,34.2],[132.557,34.171],[132.523,34.159],[132.548,34.141],[132.555,34.151],[132.539,34.107],[132.573,34.124],[132.582,34.113],[132.57,34.116],[132.55,34.079]]],[[[132.511,34.192],[132.513,34.199],[132.514,34.194],[132.511,34.192]]],[[[132.301,34.184],[132.295,34.199],[132.318,34.191],[132.301,34.184]]],[[[132.809,34.187],[132.808,34.193],[132.821,34.192],[132.809,34.187]]],[[[132.82,34.151],[132.799,34.158],[132.811,34.18],[132.845,34.194],[132.863,34.18],[132.82,34.151]]],[[[132.857,34.191],[132.855,34.195],[132.859,34.192],[132.857,34.191]]],[[[132.772,34.161],[132.78,34.187],[132.793,34.183],[132.796,34.17],[132.772,34.161]]],[[[132.398,34.147],[132.382,34.17],[132.416,34.159],[132.398,34.147]]],[[[132.573,34.156],[132.57,34.161],[132.577,34.168],[132.573,34.156]]],[[[132.43,34.147],[132.439,34.161],[132.441,34.153],[132.43,34.147]]],[[[132.669,34.151],[132.666,34.154],[132.671,34.159],[132.669,34.151]]],[[[132.651,34.151],[132.652,34.156],[132.658,34.157],[132.651,34.151]]],[[[132.76,34.148],[132.758,34.154],[132.772,34.158],[132.76,34.148]]],[[[132.319,34.119],[132.313,34.122],[132.317,34.124],[132.319,34.119]]],[[[132.786,34.114],[132.788,34.122],[132.796,34.121],[132.786,34.114]]],[[[132.553,34.068],[132.54,34.069],[132.548,34.079],[132.553,34.068]]],[[[132.53,34.047],[132.519,34.053],[132.532,34.074],[132.53,34.047]]],[[[132.465,34.057],[132.462,34.061],[132.465,34.061],[132.465,34.057]]],[[[132.485,34.035],[132.486,34.041],[132.497,34.046],[132.485,34.035]]]]}},{"type":"Feature","properties":{"nam_ja":"北海道","id":1},"geometry":{"type":"MultiPolygon","coordinates":[[[[148.343,45.291],[148.421,45.331],[148.482,45.389],[148.472,45.398],[148.488,45.42],[148.583,45.491],[148.632,45.503],[148.654,45.538],[148.811,45.553],[148.89,45.517],[148.888,45.484],[148.831,45.454],[148.832,45.428],[148.877,45.393],[148.844,45.34],[148.781,45.324],[148.74,45.338],[148.629,45.333],[148.506,45.279],[148.497,45.258],[148.305,45.216],[148.091,45.107],[147.984,45.003],[147.908,44.961],[147.785,44.948],[147.73,44.98],[147.727,45.003],[147.671,45],[147.615,44.95],[147.653,44.92],[147.598,44.855],[147.497,44.788],[147.337,44.715],[147.261,44.614],[147.206,44.567],[147.081,44.56],[146.953,44.427],[146.878,44.439],[146.861,44.454],[146.889,44.514],[146.95,44.546],[146.933,44.587],[146.945,44.63],[146.974,44.587],[146.997,44.579],[147.032,44.616],[147.033,44.638],[147.004,44.656],[147.06,44.657],[147.095,44.639],[147.182,44.689],[147.2,44.753],[147.122,44.777],[147.105,44.799],[147.111,44.824],[147.156,44.825],[147.195,44.799],[147.237,44.807],[147.27,44.87],[147.372,44.907],[147.476,44.985],[147.518,44.999],[147.533,45.087],[147.502,45.108],[147.51,45.117],[147.628,45.078],[147.657,45.082],[147.699,45.105],[147.706,45.169],[147.74,45.196],[147.872,45.226],[147.882,45.253],[147.851,45.365],[147.909,45.429],[147.925,45.438],[147.965,45.422],[147.977,45.368],[148.005,45.337],[148.009,45.292],[148.041,45.267],[148.169,45.26],[148.343,45.291]]],[[[141.579,45.177],[141.572,45.235],[141.655,45.35],[141.638,45.392],[141.644,45.448],[141.684,45.417],[141.678,45.407],[141.707,45.397],[141.747,45.415],[141.796,45.408],[141.858,45.435],[141.896,45.514],[141.936,45.523],[141.96,45.513],[142.051,45.403],[142.168,45.342],[142.389,45.138],[142.499,45.061],[142.58,44.963],[142.586,44.927],[142.731,44.769],[142.927,44.63],[142.997,44.558],[143.349,44.372],[143.372,44.333],[143.417,44.309],[143.56,44.253],[143.9,44.154],[144.206,44.103],[144.247,44.113],[144.256,44.041],[144.282,44.011],[144.319,43.973],[144.407,43.945],[144.622,43.918],[144.795,43.932],[144.907,44.003],[144.937,44.044],[144.993,44.07],[145.023,44.105],[145.192,44.196],[145.32,44.339],[145.346,44.339],[145.367,44.259],[145.333,44.199],[145.256,44.126],[145.24,44.059],[145.131,43.951],[145.1,43.898],[145.091,43.837],[145.062,43.808],[145.068,43.753],[145.146,43.646],[145.341,43.587],[145.35,43.567],[145.337,43.555],[145.291,43.552],[145.302,43.554],[145.281,43.563],[145.328,43.564],[145.334,43.582],[145.321,43.577],[145.326,43.587],[145.302,43.599],[145.28,43.592],[145.287,43.602],[145.247,43.593],[145.268,43.606],[145.206,43.624],[145.197,43.6],[145.247,43.522],[145.275,43.41],[145.309,43.36],[145.389,43.298],[145.488,43.267],[145.532,43.314],[145.659,43.393],[145.721,43.384],[145.757,43.4],[145.816,43.386],[145.804,43.364],[145.753,43.338],[145.622,43.317],[145.595,43.283],[145.572,43.284],[145.558,43.22],[145.512,43.19],[145.521,43.175],[145.497,43.159],[145.497,43.183],[145.47,43.189],[145.283,43.17],[145.203,43.137],[145.147,43.145],[145.115,43.123],[145.116,43.087],[145.082,43.044],[145.032,43.03],[145.026,43.003],[144.979,42.984],[144.885,42.985],[144.842,43.016],[144.845,43.054],[144.8,43.059],[144.747,43.025],[144.723,42.98],[144.785,42.939],[144.775,42.934],[144.632,42.951],[144.452,42.944],[144.372,42.969],[144.36,43],[144.27,43.003],[144.049,42.942],[143.92,42.875],[143.598,42.642],[143.392,42.42],[143.328,42.315],[143.341,42.303],[143.325,42.309],[143.311,42.253],[143.336,42.191],[143.311,42.048],[143.26,42.003],[143.243,41.953],[143.25,41.926],[143.164,41.983],[143.122,42.034],[142.968,42.115],[142.818,42.142],[142.747,42.177],[142.673,42.192],[142.586,42.244],[142.485,42.271],[142.447,42.304],[142.372,42.325],[142.278,42.377],[142.196,42.447],[142.029,42.485],[141.88,42.587],[141.747,42.623],[141.631,42.629],[141.699,42.653],[141.622,42.642],[141.614,42.624],[141.497,42.604],[141.372,42.554],[141.125,42.42],[140.997,42.303],[140.931,42.337],[140.951,42.348],[140.973,42.325],[140.981,42.344],[141.008,42.348],[140.917,42.37],[140.872,42.461],[140.787,42.502],[140.777,42.533],[140.724,42.574],[140.665,42.588],[140.584,42.568],[140.477,42.589],[140.372,42.503],[140.316,42.42],[140.277,42.311],[140.287,42.253],[140.399,42.216],[140.546,42.115],[140.589,42.11],[140.707,42.139],[140.76,42.117],[140.821,42.036],[140.908,41.985],[140.957,41.92],[141.109,41.875],[141.148,41.855],[141.145,41.837],[141.187,41.808],[141.099,41.776],[141.054,41.727],[140.968,41.711],[140.899,41.748],[140.775,41.775],[140.734,41.767],[140.707,41.741],[140.693,41.764],[140.702,41.785],[140.725,41.775],[140.724,41.796],[140.69,41.82],[140.65,41.82],[140.619,41.798],[140.602,41.743],[140.527,41.701],[140.445,41.685],[140.429,41.587],[140.439,41.555],[140.411,41.522],[140.259,41.482],[140.205,41.405],[140.126,41.43],[140.077,41.425],[140.029,41.462],[139.988,41.551],[139.984,41.606],[140.008,41.682],[140.062,41.753],[140.074,41.799],[140.122,41.822],[140.122,41.865],[140.111,41.864],[140.14,41.911],[140.133,41.976],[140.026,42.113],[139.927,42.134],[139.872,42.215],[139.805,42.229],[139.775,42.26],[139.782,42.354],[139.829,42.394],[139.852,42.47],[139.827,42.619],[139.897,42.68],[140.046,42.695],[140.072,42.726],[140.142,42.753],[140.185,42.824],[140.235,42.797],[140.247,42.769],[140.305,42.779],[140.306,42.829],[140.391,42.92],[140.528,43.003],[140.529,43.029],[140.507,43.037],[140.43,43.143],[140.355,43.186],[140.326,43.222],[140.356,43.309],[140.347,43.334],[140.425,43.33],[140.46,43.346],[140.463,43.372],[140.497,43.373],[140.581,43.311],[140.63,43.298],[140.654,43.262],[140.773,43.228],[140.786,43.2],[140.844,43.199],[140.857,43.215],[140.911,43.212],[140.927,43.228],[141.009,43.24],[141.005,43.201],[141.162,43.145],[141.302,43.209],[141.424,43.329],[141.429,43.42],[141.359,43.519],[141.386,43.587],[141.352,43.645],[141.33,43.725],[141.388,43.807],[141.579,43.87],[141.632,43.93],[141.632,43.953],[141.648,43.945],[141.662,44.017],[141.649,44.315],[141.674,44.327],[141.747,44.433],[141.792,44.644],[141.778,44.753],[141.723,44.92],[141.579,45.177]]],[[[141.032,45.275],[140.987,45.375],[140.994,45.427],[140.967,45.439],[140.977,45.448],[140.967,45.46],[141.009,45.434],[141.036,45.442],[141.033,45.462],[141.068,45.424],[141.047,45.281],[141.032,45.275]]],[[[141.15,45.225],[141.195,45.26],[141.235,45.235],[141.278,45.232],[141.318,45.198],[141.331,45.152],[141.281,45.108],[141.229,45.1],[141.139,45.17],[141.133,45.213],[141.15,45.225]]],[[[146.979,44.649],[146.976,44.653],[146.982,44.653],[146.979,44.649]]],[[[147.269,44.607],[147.266,44.608],[147.27,44.608],[147.269,44.607]]],[[[145.747,44.065],[145.744,44.104],[145.832,44.178],[145.885,44.246],[145.992,44.325],[146.007,44.382],[146.129,44.509],[146.166,44.518],[146.25,44.447],[146.372,44.419],[146.497,44.425],[146.578,44.456],[146.535,44.384],[146.485,44.354],[146.434,44.377],[146.381,44.353],[146.371,44.322],[146.292,44.276],[146.122,44.266],[146.069,44.235],[146.045,44.191],[145.924,44.137],[145.864,44.053],[145.875,44.025],[145.842,44.033],[145.814,44.017],[145.78,43.936],[145.718,43.912],[145.654,43.91],[145.593,43.871],[145.577,43.845],[145.545,43.658],[145.55,43.725],[145.526,43.735],[145.439,43.719],[145.419,43.753],[145.427,43.774],[145.4,43.829],[145.407,43.842],[145.438,43.85],[145.484,43.904],[145.59,43.953],[145.747,44.065]]],[[[141.424,44.429],[141.382,44.434],[141.426,44.447],[141.424,44.429]]],[[[141.295,44.414],[141.327,44.444],[141.336,44.432],[141.295,44.414]]],[[[146.645,43.703],[146.65,43.715],[146.622,43.736],[146.626,43.757],[146.614,43.758],[146.613,43.735],[146.586,43.744],[146.608,43.77],[146.585,43.802],[146.61,43.817],[146.722,43.833],[146.749,43.819],[146.725,43.847],[146.774,43.876],[146.797,43.862],[146.79,43.874],[146.814,43.878],[146.819,43.867],[146.826,43.89],[146.917,43.841],[146.899,43.807],[146.841,43.81],[146.827,43.801],[146.85,43.789],[146.839,43.783],[146.796,43.785],[146.792,43.764],[146.772,43.767],[146.733,43.738],[146.697,43.747],[146.682,43.731],[146.69,43.723],[146.645,43.703]]],[[[146.852,43.79],[146.85,43.793],[146.855,43.793],[146.852,43.79]]],[[[146.791,43.745],[146.796,43.761],[146.805,43.758],[146.791,43.745]]],[[[146.714,43.733],[146.712,43.737],[146.716,43.736],[146.714,43.733]]],[[[146.697,43.721],[146.693,43.735],[146.706,43.73],[146.697,43.721]]],[[[146.358,43.619],[146.27,43.629],[146.297,43.631],[146.31,43.651],[146.351,43.641],[146.358,43.619]]],[[[145.241,43.571],[145.234,43.572],[145.249,43.574],[145.241,43.571]]],[[[145.324,43.569],[145.33,43.572],[145.329,43.571],[145.324,43.569]]],[[[146.405,43.566],[146.402,43.567],[146.403,43.571],[146.405,43.566]]],[[[145.328,43.567],[145.318,43.567],[145.328,43.569],[145.328,43.567]]],[[[146.116,43.459],[146.107,43.492],[146.061,43.523],[146.131,43.549],[146.208,43.534],[146.18,43.505],[146.197,43.495],[146.19,43.487],[146.116,43.459]]],[[[145.898,43.417],[145.897,43.443],[145.861,43.456],[145.943,43.458],[145.934,43.447],[145.954,43.425],[145.898,43.417]]],[[[146.044,43.403],[146.026,43.409],[146.045,43.431],[146.081,43.427],[146.092,43.446],[146.109,43.432],[146.044,43.403]]],[[[146.164,43.414],[146.155,43.416],[146.168,43.424],[146.164,43.414]]],[[[146.152,43.408],[146.156,43.413],[146.159,43.411],[146.152,43.408]]],[[[145.891,43.382],[145.889,43.385],[145.894,43.385],[145.891,43.382]]],[[[145.998,43.362],[145.995,43.376],[146.019,43.379],[145.998,43.362]]],[[[140.603,43.307],[140.6,43.308],[140.604,43.309],[140.603,43.307]]],[[[145.67,43.298],[145.672,43.3],[145.674,43.3],[145.67,43.298]]],[[[145.609,43.225],[145.603,43.228],[145.614,43.227],[145.609,43.225]]],[[[141.264,43.202],[141.29,43.229],[141.273,43.208],[141.264,43.202]]],[[[145.6,43.206],[145.589,43.208],[145.596,43.222],[145.609,43.215],[145.6,43.206]]],[[[145.127,43.068],[145.122,43.08],[145.165,43.08],[145.127,43.068]]],[[[145.098,43.046],[145.098,43.053],[145.113,43.053],[145.098,43.046]]],[[[144.866,42.947],[144.872,42.96],[144.88,42.958],[144.866,42.947]]],[[[139.45,42.052],[139.428,42.072],[139.407,42.179],[139.435,42.215],[139.547,42.238],[139.559,42.253],[139.561,42.229],[139.517,42.177],[139.506,42.105],[139.45,42.052]]],[[[139.341,41.496],[139.341,41.526],[139.38,41.518],[139.376,41.503],[139.341,41.496]]],[[[139.8,41.353],[139.798,41.363],[139.812,41.364],[139.8,41.353]]],[[[141.919,45.526],[141.92,45.526],[141.919,45.525],[141.919,45.526]]],[[[140.962,45.506],[140.962,45.505],[140.962,45.505],[140.962,45.506]]],[[[140.961,45.505],[140.962,45.505],[140.962,45.505],[140.961,45.505]]],[[[140.967,45.484],[140.968,45.484],[140.968,45.483],[140.967,45.484]]],[[[140.961,45.474],[140.962,45.474],[140.961,45.473],[140.961,45.474]]],[[[140.964,45.481],[140.969,45.479],[140.964,45.475],[140.964,45.481]]],[[[143.257,41.916],[143.258,41.916],[143.258,41.915],[143.257,41.916]]],[[[139.402,42.178],[139.407,42.176],[139.406,42.174],[139.402,42.178]]]]}},{"type":"Feature","properties":{"nam_ja":"兵庫県","id":28},"geometry":{"type":"MultiPolygon","coordinates":[[[[134.867,35.658],[134.857,35.593],[134.932,35.512],[135.03,35.54],[135.044,35.509],[135.033,35.497],[135.048,35.407],[134.99,35.386],[134.959,35.409],[134.934,35.407],[134.921,35.316],[135.051,35.262],[135.066,35.24],[135.109,35.266],[135.158,35.26],[135.165,35.219],[135.197,35.203],[135.187,35.172],[135.201,35.166],[135.274,35.177],[135.29,35.142],[135.34,35.15],[135.339,35.139],[135.389,35.129],[135.399,35.081],[135.33,35.035],[135.354,35.024],[135.346,34.968],[135.461,34.927],[135.424,34.913],[135.432,34.895],[135.445,34.898],[135.42,34.852],[135.423,34.802],[135.441,34.791],[135.459,34.735],[135.392,34.68],[135.376,34.677],[135.4,34.697],[135.371,34.681],[135.374,34.693],[135.354,34.697],[135.364,34.705],[135.324,34.726],[135.184,34.678],[135.167,34.648],[135.06,34.625],[134.973,34.644],[134.843,34.72],[134.836,34.707],[134.809,34.718],[134.81,34.742],[134.757,34.752],[134.765,34.76],[134.747,34.768],[134.652,34.771],[134.658,34.787],[134.645,34.767],[134.622,34.784],[134.628,34.773],[134.571,34.758],[134.571,34.77],[134.565,34.761],[134.524,34.779],[134.474,34.755],[134.465,34.804],[134.457,34.757],[134.43,34.764],[134.407,34.727],[134.375,34.731],[134.358,34.751],[134.363,34.741],[134.321,34.722],[134.318,34.753],[134.334,34.768],[134.303,34.814],[134.261,34.831],[134.263,34.885],[134.293,34.903],[134.254,34.938],[134.286,34.996],[134.264,35.016],[134.316,35.043],[134.318,35.083],[134.353,35.098],[134.366,35.145],[134.406,35.147],[134.411,35.186],[134.38,35.208],[134.402,35.241],[134.434,35.229],[134.515,35.277],[134.51,35.349],[134.476,35.375],[134.473,35.43],[134.44,35.443],[134.421,35.563],[134.372,35.608],[134.54,35.67],[134.558,35.651],[134.578,35.661],[134.622,35.639],[134.659,35.664],[134.659,35.652],[134.792,35.667],[134.838,35.656],[134.841,35.643],[134.867,35.658]]],[[[134.671,35.661],[134.671,35.666],[134.673,35.662],[134.671,35.661]]],[[[134.698,34.76],[134.689,34.76],[134.701,34.771],[134.698,34.76]]],[[[135.33,34.71],[135.33,34.722],[135.341,34.718],[135.33,34.71]]],[[[135.294,34.705],[135.297,34.719],[135.304,34.706],[135.294,34.705]]],[[[135.321,34.705],[135.312,34.708],[135.322,34.716],[135.321,34.705]]],[[[135.347,34.703],[135.342,34.714],[135.35,34.711],[135.347,34.703]]],[[[134.853,34.694],[134.84,34.696],[134.856,34.71],[134.853,34.694]]],[[[134.868,34.699],[134.884,34.692],[134.857,34.692],[134.868,34.699]]],[[[135.255,34.678],[135.252,34.693],[135.288,34.697],[135.255,34.678]]],[[[134.639,34.683],[134.637,34.685],[134.64,34.686],[134.639,34.683]]],[[[134.542,34.659],[134.508,34.677],[134.545,34.68],[134.542,34.659]]],[[[135.217,34.65],[135.201,34.674],[135.211,34.679],[135.245,34.651],[135.217,34.65]]],[[[134.61,34.676],[134.607,34.677],[134.606,34.679],[134.61,34.676]]],[[[134.573,34.651],[134.568,34.672],[134.591,34.663],[134.573,34.651]]],[[[134.468,34.641],[134.461,34.659],[134.485,34.67],[134.498,34.65],[134.468,34.641]]],[[[134.516,34.636],[134.503,34.651],[134.513,34.656],[134.516,34.636]]],[[[134.434,34.648],[134.437,34.653],[134.441,34.65],[134.434,34.648]]],[[[134.531,34.642],[134.529,34.643],[134.532,34.646],[134.531,34.642]]],[[[134.588,34.638],[134.584,34.643],[134.584,34.645],[134.588,34.638]]],[[[135.212,34.628],[135.216,34.641],[135.241,34.634],[135.212,34.628]]],[[[134.497,34.63],[134.499,34.637],[134.5,34.631],[134.497,34.63]]],[[[134.787,34.427],[134.818,34.469],[134.844,34.475],[134.88,34.524],[134.933,34.549],[134.977,34.598],[134.997,34.608],[135.018,34.59],[134.984,34.511],[134.909,34.436],[134.894,34.399],[134.896,34.348],[134.953,34.274],[134.796,34.199],[134.729,34.189],[134.73,34.207],[134.701,34.217],[134.72,34.253],[134.665,34.244],[134.671,34.267],[134.654,34.294],[134.684,34.324],[134.727,34.331],[134.787,34.427]]],[[[134.476,34.593],[134.479,34.6],[134.485,34.599],[134.476,34.593]]],[[[134.957,34.276],[134.945,34.298],[134.951,34.294],[134.957,34.276]]],[[[134.812,34.156],[134.82,34.179],[134.825,34.16],[134.812,34.156]]]]}},{"type":"Feature","properties":{"nam_ja":"千葉県","id":12},"geometry":{"type":"MultiPolygon","coordinates":[[[[139.776,36.091],[139.787,36.104],[139.801,36.092],[139.884,35.989],[139.934,35.968],[139.939,35.94],[140.07,35.878],[140.118,35.874],[140.147,35.846],[140.244,35.855],[140.273,35.872],[140.308,35.865],[140.367,35.9],[140.458,35.926],[140.497,35.906],[140.487,35.928],[140.511,35.959],[140.599,35.903],[140.63,35.862],[140.703,35.839],[140.747,35.782],[140.82,35.74],[140.858,35.744],[140.871,35.718],[140.865,35.693],[140.831,35.713],[140.655,35.688],[140.525,35.603],[140.411,35.462],[140.392,35.383],[140.395,35.337],[140.415,35.307],[140.406,35.24],[140.378,35.181],[140.347,35.176],[140.312,35.134],[140.299,35.151],[140.234,35.115],[140.202,35.11],[140.187,35.126],[140.122,35.116],[140.099,35.075],[139.982,35.011],[139.963,34.941],[139.939,34.916],[139.888,34.9],[139.837,34.903],[139.812,34.943],[139.754,34.968],[139.857,35],[139.851,35.025],[139.812,35.037],[139.832,35.044],[139.82,35.066],[139.842,35.087],[139.824,35.101],[139.839,35.129],[139.818,35.175],[139.824,35.197],[139.87,35.228],[139.853,35.284],[139.786,35.312],[139.839,35.334],[139.829,35.337],[139.838,35.359],[139.856,35.351],[139.845,35.375],[139.894,35.357],[139.888,35.37],[139.919,35.388],[139.898,35.409],[139.904,35.43],[139.949,35.442],[139.951,35.456],[139.968,35.448],[139.982,35.475],[139.992,35.457],[140.007,35.479],[140.021,35.467],[140.022,35.497],[140.033,35.492],[140.025,35.501],[140.061,35.544],[140.096,35.535],[140.098,35.555],[140.113,35.549],[140.091,35.561],[140.122,35.567],[140.086,35.569],[140.082,35.587],[140.11,35.577],[140.118,35.596],[140.089,35.594],[140.099,35.601],[140.083,35.614],[140.087,35.602],[140.02,35.653],[139.987,35.66],[139.997,35.66],[139.988,35.69],[139.955,35.689],[139.958,35.677],[139.921,35.661],[139.94,35.641],[139.901,35.631],[139.898,35.617],[139.873,35.625],[139.889,35.681],[139.919,35.698],[139.881,35.765],[139.9,35.865],[139.835,35.959],[139.812,36.04],[139.776,36.091]]],[[[139.964,35.672],[139.978,35.679],[139.979,35.67],[139.964,35.672]]],[[[139.768,35.314],[139.768,35.316],[139.777,35.316],[139.768,35.314]]],[[[139.743,35.311],[139.74,35.311],[139.743,35.313],[139.743,35.311]]]]}},{"type":"Feature","properties":{"nam_ja":"富山県","id":16},"geometry":{"type":"Polygon","coordinates":[[[137.635,36.98],[137.686,36.944],[137.711,36.945],[137.714,36.892],[137.762,36.77],[137.75,36.704],[137.762,36.665],[137.744,36.618],[137.752,36.595],[137.695,36.569],[137.685,36.54],[137.707,36.536],[137.699,36.515],[137.67,36.51],[137.638,36.433],[137.608,36.42],[137.596,36.394],[137.547,36.39],[137.497,36.426],[137.461,36.412],[137.412,36.425],[137.39,36.46],[137.32,36.425],[137.308,36.432],[137.317,36.46],[137.257,36.452],[137.248,36.462],[137.206,36.428],[137.191,36.455],[137.165,36.455],[137.111,36.415],[137.095,36.384],[137.064,36.375],[137.052,36.33],[136.975,36.274],[136.96,36.277],[136.972,36.309],[136.956,36.337],[136.907,36.361],[136.875,36.343],[136.873,36.364],[136.844,36.351],[136.831,36.309],[136.789,36.314],[136.785,36.339],[136.804,36.356],[136.769,36.43],[136.796,36.444],[136.795,36.508],[136.817,36.552],[136.784,36.623],[136.824,36.67],[136.815,36.7],[136.789,36.718],[136.844,36.753],[136.862,36.861],[136.881,36.875],[136.879,36.907],[136.895,36.925],[136.94,36.953],[137.037,36.967],[137.052,36.96],[137.027,36.939],[137.032,36.924],[136.984,36.873],[137.016,36.83],[137.089,36.782],[137.113,36.782],[137.093,36.773],[137.111,36.762],[137.132,36.757],[137.117,36.775],[137.137,36.775],[137.18,36.758],[137.316,36.759],[137.392,36.807],[137.435,36.931],[137.635,36.98]]]}},{"type":"Feature","properties":{"nam_ja":"東京都","id":13},"geometry":{"type":"MultiPolygon","coordinates":[[[[138.944,35.855],[138.957,35.876],[139.019,35.898],[139.062,35.873],[139.196,35.84],[139.296,35.834],[139.326,35.795],[139.37,35.791],[139.392,35.767],[139.508,35.784],[139.542,35.807],[139.544,35.782],[139.516,35.765],[139.545,35.774],[139.545,35.758],[139.594,35.777],[139.617,35.77],[139.657,35.801],[139.746,35.784],[139.761,35.813],[139.816,35.809],[139.889,35.784],[139.88,35.771],[139.919,35.698],[139.889,35.681],[139.873,35.639],[139.808,35.641],[139.787,35.627],[139.779,35.637],[139.798,35.645],[139.779,35.64],[139.792,35.653],[139.759,35.645],[139.747,35.592],[139.763,35.561],[139.786,35.57],[139.809,35.538],[139.795,35.532],[139.758,35.544],[139.703,35.537],[139.668,35.587],[139.535,35.64],[139.497,35.618],[139.5,35.606],[139.454,35.618],[139.453,35.605],[139.505,35.575],[139.473,35.576],[139.485,35.504],[139.468,35.502],[139.399,35.584],[139.282,35.613],[139.247,35.605],[139.207,35.651],[139.184,35.645],[139.032,35.716],[138.984,35.769],[138.97,35.831],[138.944,35.855]]],[[[139.821,35.634],[139.823,35.642],[139.833,35.64],[139.821,35.634]]],[[[139.858,35.636],[139.85,35.638],[139.858,35.638],[139.858,35.636]]],[[[139.867,35.634],[139.861,35.636],[139.864,35.637],[139.867,35.634]]],[[[139.769,35.626],[139.785,35.626],[139.787,35.602],[139.769,35.626]]],[[[139.753,35.624],[139.755,35.634],[139.759,35.619],[139.753,35.624]]],[[[139.835,35.612],[139.827,35.63],[139.837,35.631],[139.835,35.612]]],[[[139.795,35.614],[139.785,35.625],[139.79,35.628],[139.795,35.614]]],[[[139.749,35.589],[139.753,35.618],[139.769,35.583],[139.787,35.58],[139.749,35.589]]],[[[139.792,35.594],[139.811,35.613],[139.819,35.609],[139.792,35.594]]],[[[139.813,35.59],[139.806,35.599],[139.82,35.607],[139.813,35.59]]],[[[139.806,35.586],[139.795,35.592],[139.804,35.598],[139.806,35.586]]],[[[139.766,35.565],[139.758,35.574],[139.774,35.575],[139.766,35.565]]],[[[139.439,34.679],[139.359,34.702],[139.357,34.792],[139.434,34.77],[139.45,34.715],[139.439,34.679]]],[[[139.275,34.511],[139.268,34.527],[139.293,34.524],[139.275,34.511]]],[[[139.293,34.47],[139.287,34.477],[139.297,34.473],[139.293,34.47]]],[[[139.273,34.33],[139.243,34.362],[139.281,34.423],[139.291,34.408],[139.273,34.33]]],[[[139.227,34.367],[139.223,34.375],[139.229,34.373],[139.227,34.367]]],[[[139.211,34.337],[139.21,34.338],[139.212,34.338],[139.211,34.337]]],[[[139.213,34.316],[139.208,34.33],[139.221,34.332],[139.213,34.316]]],[[[139.278,34.324],[139.275,34.325],[139.277,34.327],[139.278,34.324]]],[[[139.129,34.185],[139.136,34.237],[139.169,34.232],[139.174,34.21],[139.129,34.185]]],[[[139.192,34.207],[139.189,34.208],[139.191,34.209],[139.192,34.207]]],[[[139.073,34.183],[139.074,34.185],[139.076,34.184],[139.073,34.183]]],[[[139.502,34.045],[139.474,34.076],[139.491,34.117],[139.536,34.123],[139.559,34.111],[139.562,34.068],[139.502,34.045]]],[[[139.621,33.852],[139.582,33.858],[139.59,33.897],[139.617,33.893],[139.632,33.87],[139.621,33.852]]],[[[139.832,33.046],[139.781,33.072],[139.777,33.097],[139.74,33.131],[139.747,33.155],[139.768,33.158],[139.849,33.109],[139.858,33.087],[139.832,33.046]]],[[[139.699,33.116],[139.677,33.129],[139.685,33.136],[139.699,33.116]]],[[[139.769,32.442],[139.755,32.469],[139.778,32.46],[139.769,32.442]]],[[[140.052,31.438],[140.051,31.438],[140.051,31.44],[140.052,31.438]]],[[[140.299,30.472],[140.287,30.482],[140.303,30.495],[140.31,30.475],[140.299,30.472]]],[[[140.342,29.793],[140.341,29.793],[140.343,29.794],[140.342,29.793]]],[[[142.103,27.715],[142.098,27.718],[142.097,27.719],[142.103,27.715]]],[[[142.109,27.715],[142.107,27.717],[142.109,27.717],[142.109,27.715]]],[[[142.146,27.67],[142.129,27.681],[142.147,27.684],[142.146,27.67]]],[[[142.126,27.677],[142.124,27.678],[142.126,27.68],[142.126,27.677]]],[[[142.159,27.654],[142.157,27.663],[142.159,27.662],[142.159,27.654]]],[[[142.186,27.619],[142.17,27.633],[142.183,27.629],[142.186,27.619]]],[[[142.213,27.489],[142.205,27.499],[142.211,27.501],[142.213,27.489]]],[[[142.207,27.486],[142.207,27.489],[142.209,27.487],[142.207,27.486]]],[[[140.877,27.244],[140.873,27.245],[140.875,27.249],[140.877,27.244]]],[[[142.195,27.192],[142.194,27.195],[142.198,27.195],[142.195,27.192]]],[[[142.189,27.144],[142.187,27.183],[142.199,27.182],[142.189,27.144]]],[[[142.22,27.108],[142.191,27.121],[142.19,27.143],[142.217,27.132],[142.22,27.108]]],[[[142.182,27.126],[142.178,27.127],[142.18,27.128],[142.182,27.126]]],[[[142.164,27.112],[142.163,27.12],[142.172,27.116],[142.164,27.112]]],[[[142.221,27.035],[142.188,27.044],[142.183,27.07],[142.206,27.077],[142.204,27.098],[142.183,27.092],[142.186,27.104],[142.218,27.1],[142.232,27.077],[142.237,27.053],[142.221,27.035]]],[[[142.247,27.089],[142.241,27.094],[142.245,27.094],[142.247,27.089]]],[[[142.184,27.085],[142.183,27.087],[142.184,27.087],[142.184,27.085]]],[[[142.177,27.043],[142.179,27.045],[142.179,27.044],[142.177,27.043]]],[[[142.176,27.031],[142.173,27.043],[142.178,27.034],[142.176,27.036],[142.176,27.031]]],[[[142.122,26.715],[142.122,26.716],[142.122,26.716],[142.122,26.715]]],[[[142.179,26.607],[142.122,26.71],[142.159,26.703],[142.149,26.683],[142.184,26.658],[142.179,26.607]]],[[[142.129,26.594],[142.128,26.609],[142.135,26.599],[142.129,26.594]]],[[[142.148,26.581],[142.16,26.587],[142.159,26.583],[142.148,26.581]]],[[[142.228,26.563],[142.23,26.574],[142.239,26.567],[142.228,26.563]]],[[[142.156,26.542],[142.152,26.561],[142.16,26.56],[142.156,26.542]]],[[[142.202,26.552],[142.211,26.563],[142.214,26.555],[142.202,26.552]]],[[[141.278,25.418],[141.282,25.448],[141.293,25.426],[141.278,25.418]]],[[[141.286,24.745],[141.287,24.79],[141.322,24.812],[141.339,24.803],[141.338,24.771],[141.286,24.745]]],[[[153.986,24.281],[153.971,24.285],[153.981,24.295],[153.986,24.281]]],[[[141.46,24.225],[141.459,24.245],[141.471,24.242],[141.46,24.225]]],[[[136.07,20.425],[136.07,20.425],[136.07,20.425],[136.07,20.425]]],[[[136.081,20.426],[136.081,20.425],[136.081,20.425],[136.081,20.426]]],[[[139.383,34.049],[139.385,34.049],[139.384,34.048],[139.383,34.049]]],[[[138.838,33.963],[138.838,33.963],[138.838,33.963],[138.838,33.963]]],[[[138.836,33.963],[138.836,33.963],[138.836,33.963],[138.836,33.963]]],[[[139.299,33.652],[139.3,33.651],[139.299,33.651],[139.299,33.652]]],[[[142.157,27.693],[142.158,27.692],[142.158,27.691],[142.157,27.693]]],[[[142.115,27.742],[142.116,27.741],[142.116,27.741],[142.115,27.742]]],[[[142.117,27.737],[142.117,27.737],[142.117,27.737],[142.117,27.737]]],[[[142.218,27.496],[142.219,27.493],[142.218,27.493],[142.218,27.496]]],[[[141.285,24.807],[141.287,24.807],[141.286,24.797],[141.285,24.807]]],[[[138.815,33.947],[138.816,33.946],[138.816,33.946],[138.815,33.947]]],[[[138.817,33.947],[138.817,33.946],[138.817,33.946],[138.817,33.947]]],[[[138.817,33.944],[138.818,33.943],[138.817,33.944],[138.817,33.944]]],[[[138.817,33.943],[138.818,33.943],[138.817,33.943],[138.817,33.943]]],[[[139.918,31.887],[139.918,31.887],[139.918,31.886],[139.918,31.887]]],[[[142.112,27.745],[142.112,27.745],[142.112,27.745],[142.112,27.745]]],[[[136.074,20.423],[136.074,20.423],[136.074,20.423],[136.074,20.423]]]]}},{"type":"Feature","properties":{"nam_ja":"埼玉県","id":11},"geometry":{"type":"Polygon","coordinates":[[[139.129,36.283],[139.324,36.23],[139.357,36.253],[139.457,36.191],[139.588,36.21],[139.622,36.188],[139.661,36.215],[139.683,36.201],[139.73,36.088],[139.773,36.085],[139.817,36.033],[139.826,35.973],[139.887,35.897],[139.899,35.867],[139.894,35.783],[139.773,35.816],[139.751,35.809],[139.76,35.798],[139.738,35.781],[139.657,35.801],[139.622,35.767],[139.594,35.779],[139.548,35.754],[139.548,35.774],[139.516,35.765],[139.546,35.799],[139.396,35.764],[139.359,35.792],[139.333,35.792],[139.298,35.835],[139.196,35.84],[139.062,35.873],[139.024,35.897],[138.934,35.851],[138.887,35.846],[138.729,35.909],[138.738,35.934],[138.713,35.985],[138.752,36.026],[138.82,36.036],[138.866,36.078],[138.931,36.088],[138.958,36.124],[139.037,36.126],[139.062,36.153],[139.063,36.196],[139.129,36.283]]]}},{"type":"Feature","properties":{"nam_ja":"山口県","id":35},"geometry":{"type":"MultiPolygon","coordinates":[[[[131.137,34.758],[131.127,34.792],[131.16,34.764],[131.137,34.758]]],[[[131.69,34.681],[131.694,34.621],[131.716,34.614],[131.726,34.578],[131.67,34.511],[131.682,34.479],[131.695,34.481],[131.698,34.435],[131.794,34.43],[131.764,34.383],[131.776,34.333],[131.819,34.303],[131.88,34.309],[131.925,34.334],[131.958,34.306],[132.012,34.378],[131.993,34.42],[132.025,34.462],[132.066,34.468],[132.08,34.442],[132.071,34.362],[132.128,34.326],[132.144,34.241],[132.17,34.225],[132.204,34.229],[132.193,34.207],[132.245,34.211],[132.231,34.187],[132.247,34.153],[132.233,34.127],[132.201,34.125],[132.213,34.003],[132.19,33.967],[132.124,33.947],[132.132,33.882],[132.157,33.845],[132.117,33.832],[132.116,33.878],[132.044,33.909],[132.058,33.924],[132.024,33.902],[131.982,33.929],[131.969,33.923],[131.963,33.944],[131.863,33.988],[131.863,34.007],[131.832,34.011],[131.794,33.987],[131.816,33.97],[131.761,33.975],[131.825,34.024],[131.808,34.04],[131.785,34.028],[131.797,34.06],[131.738,34.055],[131.757,34.065],[131.642,34.047],[131.614,34.025],[131.59,34.038],[131.551,34.003],[131.539,34.008],[131.544,33.999],[131.509,34.003],[131.503,34.026],[131.475,34.038],[131.466,34.025],[131.477,34.017],[131.449,34.01],[131.46,33.988],[131.441,33.984],[131.427,34.014],[131.399,33.993],[131.415,34.021],[131.394,34.051],[131.344,33.963],[131.266,33.923],[131.232,33.927],[131.241,33.948],[131.178,33.931],[131.158,33.961],[131.173,33.973],[131.161,33.974],[131.169,33.992],[131.133,34.003],[131.139,33.992],[131.092,34.037],[131.032,34.051],[130.991,33.987],[130.926,33.947],[130.923,33.914],[130.9,33.918],[130.909,33.926],[130.898,33.922],[130.876,33.954],[130.919,33.952],[130.908,33.953],[130.911,34.059],[130.891,34.064],[130.86,34.11],[130.865,34.132],[130.902,34.14],[130.932,34.188],[130.921,34.239],[130.866,34.287],[130.893,34.311],[130.889,34.343],[130.905,34.363],[130.93,34.342],[131,34.374],[131.034,34.37],[131.017,34.398],[130.958,34.407],[130.955,34.389],[130.938,34.391],[130.971,34.442],[131.014,34.412],[131.073,34.424],[131.127,34.412],[131.154,34.373],[131.197,34.397],[131.215,34.371],[131.224,34.393],[131.305,34.383],[131.331,34.413],[131.415,34.426],[131.422,34.441],[131.394,34.456],[131.415,34.449],[131.461,34.486],[131.456,34.526],[131.466,34.539],[131.503,34.534],[131.554,34.581],[131.556,34.615],[131.605,34.628],[131.591,34.646],[131.612,34.666],[131.649,34.641],[131.645,34.652],[131.69,34.681]]],[[[131.479,34.573],[131.477,34.574],[131.479,34.575],[131.479,34.573]]],[[[131.514,34.564],[131.513,34.566],[131.516,34.565],[131.514,34.564]]],[[[131.385,34.513],[131.386,34.523],[131.391,34.515],[131.385,34.513]]],[[[131.277,34.497],[131.275,34.517],[131.285,34.513],[131.277,34.497]]],[[[131.407,34.49],[131.408,34.513],[131.417,34.503],[131.407,34.49]]],[[[131.345,34.499],[131.339,34.499],[131.338,34.503],[131.345,34.499]]],[[[131.376,34.482],[131.38,34.488],[131.38,34.484],[131.376,34.482]]],[[[131.377,34.462],[131.373,34.465],[131.38,34.464],[131.377,34.462]]],[[[131.197,34.398],[131.173,34.407],[131.171,34.431],[131.258,34.432],[131.257,34.42],[131.222,34.417],[131.227,34.428],[131.197,34.398]]],[[[131.319,34.426],[131.317,34.433],[131.321,34.429],[131.319,34.426]]],[[[131.268,34.41],[131.265,34.415],[131.271,34.415],[131.268,34.41]]],[[[130.846,34.341],[130.838,34.351],[130.879,34.365],[130.846,34.341]]],[[[130.965,34.358],[130.965,34.361],[130.973,34.364],[130.965,34.358]]],[[[130.897,34.176],[130.897,34.179],[130.901,34.179],[130.897,34.176]]],[[[130.897,34.171],[130.9,34.177],[130.905,34.172],[130.897,34.171]]],[[[132.313,34.122],[132.317,34.12],[132.312,34.119],[132.313,34.122]]],[[[130.796,34.092],[130.774,34.109],[130.792,34.106],[130.796,34.092]]],[[[132.398,34.054],[132.391,34.056],[132.395,34.06],[132.398,34.054]]],[[[131.731,34.021],[131.727,34.034],[131.779,34.049],[131.731,34.021]]],[[[132.384,34.027],[132.376,34.036],[132.387,34.039],[132.384,34.027]]],[[[132.423,34.032],[132.417,34.034],[132.427,34.034],[132.423,34.032]]],[[[131.718,33.979],[131.695,34.004],[131.706,34.033],[131.728,33.987],[131.718,33.979]]],[[[132.421,34.011],[132.402,34.027],[132.414,34.03],[132.421,34.011]]],[[[131.567,33.987],[131.556,33.99],[131.58,34.02],[131.6,34.015],[131.567,33.987]]],[[[131.795,34.02],[131.793,34.021],[131.796,34.023],[131.795,34.02]]],[[[132.268,33.994],[132.258,34.003],[132.263,34.01],[132.268,33.994]]],[[[132.431,34.002],[132.431,34.01],[132.43,34.003],[132.434,34.003],[132.431,34.002]]],[[[131.019,33.998],[131.019,33.999],[131.023,34.005],[131.019,33.998]]],[[[132.331,33.991],[132.329,34.003],[132.334,33.998],[132.331,33.991]]],[[[131.026,33.995],[131.025,33.996],[131.027,33.996],[131.026,33.995]]],[[[132.35,33.986],[132.349,33.988],[132.352,33.99],[132.35,33.986]]],[[[131.82,33.931],[131.807,33.952],[131.85,33.961],[131.857,33.99],[131.873,33.97],[131.82,33.931]]],[[[131.736,33.979],[131.732,33.98],[131.735,33.982],[131.736,33.979]]],[[[130.86,33.97],[130.86,33.979],[130.868,33.976],[130.86,33.97]]],[[[132.351,33.962],[132.343,33.971],[132.348,33.974],[132.351,33.962]]],[[[132.207,33.857],[132.201,33.88],[132.176,33.894],[132.175,33.93],[132.193,33.954],[132.232,33.967],[132.264,33.949],[132.284,33.956],[132.301,33.92],[132.319,33.922],[132.329,33.902],[132.37,33.928],[132.402,33.929],[132.415,33.952],[132.464,33.946],[132.41,33.913],[132.376,33.914],[132.36,33.861],[132.327,33.858],[132.331,33.886],[132.285,33.902],[132.267,33.877],[132.278,33.871],[132.228,33.876],[132.207,33.857]]],[[[132.474,33.954],[132.465,33.96],[132.476,33.963],[132.474,33.954]]],[[[132.352,33.939],[132.337,33.955],[132.35,33.96],[132.352,33.939]]],[[[132.488,33.953],[132.486,33.956],[132.49,33.959],[132.488,33.953]]],[[[131.695,33.935],[131.689,33.942],[131.694,33.946],[131.695,33.935]]],[[[132.158,33.938],[132.156,33.945],[132.166,33.948],[132.158,33.938]]],[[[131.931,33.936],[131.928,33.937],[131.926,33.942],[131.931,33.936]]],[[[130.93,33.931],[130.929,33.932],[130.929,33.936],[130.93,33.931]]],[[[132.465,33.915],[132.455,33.92],[132.453,33.927],[132.465,33.915]]],[[[132.392,33.901],[132.392,33.905],[132.394,33.904],[132.392,33.901]]],[[[132.049,33.887],[132.042,33.895],[132.051,33.896],[132.049,33.887]]],[[[132.061,33.867],[132.061,33.884],[132.069,33.869],[132.061,33.867]]],[[[132.022,33.852],[131.997,33.86],[132.014,33.868],[132.022,33.852]]],[[[132.31,33.863],[132.308,33.864],[132.313,33.868],[132.31,33.863]]],[[[132.368,33.847],[132.353,33.854],[132.372,33.852],[132.368,33.847]]],[[[132.049,33.785],[132.027,33.793],[132.053,33.798],[132.07,33.822],[132.07,33.854],[132.117,33.831],[132.09,33.826],[132.049,33.785]]],[[[132.183,33.844],[132.179,33.846],[132.184,33.848],[132.183,33.844]]],[[[132.118,33.811],[132.118,33.824],[132.122,33.816],[132.118,33.811]]],[[[132.256,33.766],[132.199,33.803],[132.173,33.795],[132.221,33.815],[132.273,33.782],[132.256,33.766]]],[[[132.252,33.806],[132.249,33.814],[132.258,33.817],[132.252,33.806]]],[[[132.394,33.802],[132.391,33.806],[132.401,33.814],[132.394,33.802]]],[[[131.964,33.769],[131.95,33.782],[131.973,33.798],[131.987,33.787],[131.964,33.769]]],[[[131.938,33.788],[131.931,33.789],[131.932,33.795],[131.938,33.788]]],[[[132.393,33.778],[132.389,33.779],[132.387,33.783],[132.393,33.778]]],[[[132.051,33.772],[132.047,33.775],[132.052,33.779],[132.051,33.772]]],[[[132.134,33.713],[132.149,33.762],[132.152,33.729],[132.134,33.713]]],[[[132.023,33.735],[132.031,33.74],[132.029,33.736],[132.023,33.735]]]]}},{"type":"Feature","properties":{"nam_ja":"福島県","id":7},"geometry":{"type":"Polygon","coordinates":[[[140.28,37.977],[140.346,37.951],[140.385,37.953],[140.408,37.973],[140.472,37.948],[140.469,37.925],[140.488,37.9],[140.567,37.923],[140.69,37.888],[140.686,37.818],[140.728,37.782],[140.793,37.773],[140.803,37.78],[140.765,37.796],[140.857,37.804],[140.857,37.885],[140.899,37.904],[140.956,37.86],[140.96,37.832],[140.981,37.825],[141.027,37.666],[141.043,37.481],[141.026,37.324],[141.036,37.319],[140.979,37.075],[140.98,37.003],[140.963,36.97],[140.926,36.941],[140.887,36.941],[140.818,36.909],[140.79,36.86],[140.616,36.904],[140.576,36.943],[140.568,36.92],[140.592,36.873],[140.539,36.859],[140.471,36.795],[140.377,36.843],[140.368,36.881],[140.329,36.891],[140.298,36.929],[140.243,36.944],[140.25,37.02],[140.205,37.024],[140.186,37.069],[140.138,37.106],[140.023,37.143],[139.903,37.154],[139.819,37.121],[139.821,37.087],[139.779,37.089],[139.673,37.058],[139.611,37.014],[139.583,37.015],[139.506,36.971],[139.466,36.971],[139.431,36.927],[139.393,36.911],[139.266,36.941],[139.236,36.934],[139.26,37.047],[139.237,37.1],[139.253,37.16],[139.223,37.204],[139.206,37.195],[139.167,37.232],[139.217,37.304],[139.237,37.368],[139.205,37.406],[139.221,37.446],[139.353,37.468],[139.398,37.46],[139.414,37.51],[139.457,37.518],[139.475,37.503],[139.585,37.513],[139.547,37.628],[139.622,37.689],[139.658,37.753],[139.734,37.814],[139.717,37.846],[139.682,37.847],[139.708,37.856],[139.747,37.821],[139.784,37.832],[139.805,37.806],[139.859,37.827],[139.891,37.811],[139.943,37.821],[139.99,37.76],[140.045,37.774],[140.118,37.735],[140.167,37.757],[140.237,37.747],[140.299,37.809],[140.263,37.836],[140.28,37.977]]]}},{"type":"Feature","properties":{"nam_ja":"石川県","id":17},"geometry":{"type":"MultiPolygon","coordinates":[[[[136.914,37.845],[136.922,37.855],[136.924,37.852],[136.914,37.845]]],[[[136.902,37.609],[136.897,37.61],[136.899,37.613],[136.902,37.609]]],[[[136.877,37.587],[136.875,37.59],[136.876,37.59],[136.877,37.587]]],[[[136.855,37.587],[136.854,37.589],[136.855,37.589],[136.855,37.587]]],[[[137.086,37.466],[137.146,37.5],[137.275,37.533],[137.339,37.517],[137.361,37.452],[137.257,37.432],[137.237,37.389],[137.259,37.356],[137.253,37.341],[137.264,37.341],[137.247,37.307],[137.222,37.294],[137.153,37.307],[137.097,37.273],[137.069,37.218],[137.025,37.205],[137.025,37.188],[136.958,37.209],[136.966,37.234],[136.906,37.218],[136.929,37.207],[136.907,37.203],[136.879,37.151],[136.894,37.12],[136.863,37.108],[136.859,37.073],[136.936,37.087],[136.971,37.048],[137.004,37.057],[137.023,37.101],[137.057,37.108],[137.047,37.039],[137.057,36.968],[136.986,36.967],[136.98,36.951],[136.94,36.953],[136.893,36.92],[136.881,36.875],[136.862,36.861],[136.847,36.758],[136.792,36.72],[136.824,36.67],[136.784,36.623],[136.792,36.569],[136.817,36.552],[136.795,36.508],[136.796,36.444],[136.769,36.423],[136.795,36.4],[136.806,36.363],[136.787,36.349],[136.792,36.299],[136.85,36.252],[136.84,36.232],[136.798,36.173],[136.766,36.161],[136.779,36.134],[136.754,36.087],[136.674,36.068],[136.558,36.153],[136.492,36.158],[136.464,36.138],[136.438,36.141],[136.411,36.17],[136.344,36.173],[136.325,36.232],[136.247,36.293],[136.299,36.352],[136.348,36.367],[136.416,36.42],[136.574,36.587],[136.669,36.701],[136.752,36.849],[136.77,36.992],[136.723,37.056],[136.721,37.142],[136.67,37.149],[136.678,37.199],[136.733,37.281],[136.725,37.328],[136.756,37.364],[136.842,37.4],[136.924,37.395],[137.086,37.466]]],[[[136.946,37.091],[136.901,37.152],[136.915,37.153],[136.923,37.134],[136.941,37.146],[137.023,37.144],[137.035,37.168],[137.054,37.15],[137.04,37.117],[137.004,37.12],[136.946,37.091]]],[[[136.892,37.102],[136.891,37.103],[136.89,37.109],[136.892,37.102]]]]}},{"type":"Feature","properties":{"nam_ja":"福井県","id":18},"geometry":{"type":"MultiPolygon","coordinates":[[[[136.244,36.296],[136.332,36.229],[136.344,36.173],[136.406,36.171],[136.44,36.137],[136.484,36.157],[136.552,36.155],[136.644,36.096],[136.664,36.068],[136.754,36.086],[136.763,36.075],[136.733,36.049],[136.729,36.003],[136.747,35.991],[136.753,35.956],[136.793,35.943],[136.785,35.929],[136.822,35.896],[136.826,35.847],[136.803,35.844],[136.785,35.799],[136.723,35.808],[136.66,35.783],[136.645,35.807],[136.622,35.787],[136.6,35.799],[136.571,35.778],[136.523,35.788],[136.508,35.753],[136.486,35.773],[136.378,35.795],[136.324,35.768],[136.326,35.733],[136.281,35.659],[136.185,35.704],[136.15,35.698],[136.134,35.67],[136.177,35.596],[136.169,35.565],[136.113,35.583],[136.106,35.532],[136.026,35.53],[136.006,35.492],[135.984,35.489],[135.947,35.52],[135.89,35.404],[135.862,35.395],[135.815,35.413],[135.807,35.385],[135.768,35.356],[135.706,35.346],[135.534,35.377],[135.526,35.42],[135.5,35.422],[135.459,35.468],[135.472,35.5],[135.451,35.521],[135.46,35.547],[135.486,35.558],[135.469,35.53],[135.479,35.535],[135.48,35.522],[135.499,35.524],[135.509,35.549],[135.508,35.503],[135.534,35.489],[135.572,35.492],[135.661,35.548],[135.669,35.525],[135.637,35.521],[135.631,35.498],[135.581,35.49],[135.711,35.484],[135.762,35.531],[135.736,35.535],[135.718,35.52],[135.71,35.543],[135.69,35.544],[135.713,35.569],[135.747,35.566],[135.757,35.543],[135.771,35.547],[135.765,35.557],[135.8,35.527],[135.834,35.536],[135.803,35.568],[135.81,35.577],[135.834,35.562],[135.856,35.588],[135.854,35.603],[135.829,35.608],[135.822,35.637],[135.872,35.61],[135.98,35.63],[135.976,35.696],[135.971,35.712],[135.956,35.703],[135.958,35.727],[136.017,35.764],[136.037,35.739],[136.025,35.749],[136.044,35.659],[136.074,35.662],[136.1,35.777],[136.069,35.825],[135.999,35.882],[135.997,35.936],[135.958,35.982],[136.011,36.034],[136.029,36.097],[136.095,36.157],[136.112,36.205],[136.127,36.19],[136.123,36.249],[136.173,36.253],[136.244,36.296]]],[[[136.117,36.25],[136.12,36.254],[136.121,36.251],[136.117,36.25]]],[[[135.803,35.63],[135.803,35.639],[135.806,35.632],[135.803,35.63]]]]}},{"type":"Feature","properties":{"nam_ja":"愛媛県","id":38},"geometry":{"type":"MultiPolygon","coordinates":[[[[132.959,34.191],[132.942,34.209],[132.985,34.225],[132.994,34.252],[132.964,34.263],[132.989,34.274],[132.98,34.284],[133.006,34.297],[133.033,34.287],[133.058,34.22],[132.959,34.191]]],[[[133.206,34.239],[133.201,34.271],[133.223,34.29],[133.236,34.282],[133.206,34.239]]],[[[133.173,34.287],[133.172,34.287],[133.17,34.29],[133.173,34.287]]],[[[133.164,34.285],[133.161,34.287],[133.162,34.29],[133.164,34.285]]],[[[133.178,34.256],[133.17,34.285],[133.187,34.269],[133.178,34.256]]],[[[133.133,34.241],[133.133,34.266],[133.153,34.278],[133.165,34.256],[133.133,34.241]]],[[[133.181,34.227],[133.19,34.257],[133.196,34.247],[133.181,34.227]]],[[[132.949,34.242],[132.949,34.25],[132.957,34.243],[132.949,34.242]]],[[[133.152,34.233],[133.157,34.245],[133.172,34.242],[133.152,34.233]]],[[[133.11,34.191],[133.06,34.207],[133.059,34.226],[133.101,34.235],[133.114,34.218],[133.139,34.221],[133.11,34.191]]],[[[133.251,34.229],[133.259,34.235],[133.263,34.232],[133.251,34.229]]],[[[133.149,34.216],[133.153,34.228],[133.156,34.225],[133.149,34.216]]],[[[132.933,34.199],[132.936,34.206],[132.938,34.202],[132.933,34.199]]],[[[132.933,34.183],[132.922,34.184],[132.923,34.202],[132.933,34.183]]],[[[133.269,34.183],[133.265,34.197],[133.273,34.199],[133.269,34.183]]],[[[132.881,34.175],[132.862,34.192],[132.893,34.189],[132.881,34.175]]],[[[133.077,34.194],[133.072,34.196],[133.074,34.196],[133.077,34.194]]],[[[133.034,34.108],[133.02,34.109],[133.018,34.138],[133.03,34.156],[133.04,34.15],[133.029,34.192],[133.074,34.187],[133.088,34.17],[133.111,34.179],[133.034,34.108]]],[[[133.084,34.182],[133.087,34.194],[133.094,34.191],[133.084,34.182]]],[[[132.898,34.185],[132.904,34.194],[132.906,34.189],[132.898,34.185]]],[[[132.936,34.188],[132.941,34.191],[132.941,34.189],[132.936,34.188]]],[[[133.316,34.17],[133.308,34.179],[133.327,34.173],[133.316,34.17]]],[[[133.363,34.163],[133.358,34.17],[133.363,34.17],[133.363,34.163]]],[[[133.008,34.148],[132.989,34.154],[132.997,34.159],[133.008,34.148]]],[[[132.531,33.637],[132.594,33.659],[132.661,33.708],[132.7,33.761],[132.683,33.808],[132.718,33.865],[132.704,33.876],[132.709,33.907],[132.73,33.9],[132.756,33.916],[132.765,33.998],[132.865,34.06],[132.921,34.066],[132.926,34.108],[132.891,34.118],[132.925,34.119],[132.938,34.136],[132.98,34.106],[133.087,33.946],[133.119,33.941],[133.112,33.931],[133.167,33.938],[133.171,33.927],[133.171,33.94],[133.254,33.956],[133.259,33.981],[133.26,33.966],[133.267,33.98],[133.327,33.992],[133.497,33.97],[133.544,33.987],[133.541,34.003],[133.598,34.044],[133.666,34.026],[133.684,34.007],[133.674,33.983],[133.69,33.942],[133.675,33.931],[133.689,33.916],[133.668,33.887],[133.571,33.869],[133.552,33.882],[133.5,33.83],[133.415,33.84],[133.311,33.816],[133.277,33.831],[133.236,33.783],[133.193,33.794],[133.144,33.706],[133.126,33.698],[133.116,33.66],[133.077,33.653],[133.076,33.613],[133.046,33.575],[133.063,33.543],[132.997,33.476],[132.956,33.466],[132.847,33.479],[132.811,33.466],[132.836,33.4],[132.902,33.339],[132.895,33.312],[132.787,33.267],[132.775,33.206],[132.738,33.196],[132.687,33.135],[132.622,33.183],[132.629,33.138],[132.669,33.087],[132.657,33.057],[132.678,33.033],[132.684,32.949],[132.655,32.925],[132.598,32.913],[132.594,32.941],[132.549,32.939],[132.569,32.93],[132.505,32.947],[132.524,32.934],[132.497,32.92],[132.525,32.92],[132.486,32.904],[132.463,32.936],[132.497,32.948],[132.478,32.968],[132.497,32.987],[132.494,32.964],[132.55,32.957],[132.485,33.01],[132.484,33.044],[132.412,33.056],[132.411,33.027],[132.387,33.02],[132.414,33.072],[132.431,33.056],[132.483,33.056],[132.478,33.084],[132.461,33.076],[132.474,33.107],[132.447,33.122],[132.501,33.13],[132.441,33.138],[132.424,33.156],[132.455,33.171],[132.421,33.209],[132.406,33.205],[132.454,33.209],[132.485,33.165],[132.492,33.184],[132.511,33.17],[132.508,33.194],[132.497,33.192],[132.511,33.213],[132.559,33.222],[132.523,33.245],[132.542,33.271],[132.477,33.273],[132.468,33.255],[132.484,33.29],[132.527,33.308],[132.52,33.315],[132.431,33.32],[132.417,33.303],[132.371,33.328],[132.417,33.354],[132.406,33.36],[132.415,33.379],[132.383,33.362],[132.396,33.399],[132.38,33.416],[132.405,33.424],[132.413,33.44],[132.391,33.441],[132.419,33.462],[132.387,33.46],[132.4,33.473],[132.391,33.477],[132.374,33.46],[132.341,33.485],[132.353,33.475],[132.323,33.473],[132.318,33.458],[132.299,33.474],[132.238,33.426],[132.183,33.412],[132.152,33.374],[132.102,33.362],[132.12,33.387],[132.095,33.387],[132.02,33.344],[132.12,33.42],[132.133,33.403],[132.137,33.42],[132.161,33.411],[132.156,33.44],[132.175,33.427],[132.171,33.445],[132.194,33.453],[132.223,33.445],[132.247,33.464],[132.253,33.452],[132.258,33.474],[132.39,33.531],[132.476,33.614],[132.531,33.637]]],[[[132.974,34.122],[132.98,34.129],[132.981,34.124],[132.974,34.122]]],[[[133.158,34.118],[133.154,34.123],[133.159,34.124],[133.158,34.118]]],[[[133.181,34.116],[133.188,34.123],[133.187,34.117],[133.181,34.116]]],[[[132.991,34.112],[132.989,34.119],[132.996,34.118],[132.991,34.112]]],[[[133.188,34.104],[133.179,34.11],[133.191,34.108],[133.188,34.104]]],[[[132.702,34.066],[132.705,34.072],[132.711,34.07],[132.702,34.066]]],[[[133.112,34.06],[133.11,34.06],[133.107,34.062],[133.112,34.06]]],[[[133.104,34.057],[133.095,34.061],[133.103,34.06],[133.104,34.057]]],[[[132.588,34.025],[132.594,34.031],[132.594,34.027],[132.588,34.025]]],[[[133.094,34.019],[133.09,34.022],[133.097,34.025],[133.094,34.019]]],[[[132.6,33.943],[132.58,33.967],[132.644,34.01],[132.632,33.969],[132.644,33.961],[132.6,33.943]]],[[[133.361,33.99],[133.351,33.996],[133.366,34.007],[133.361,33.99]]],[[[132.541,33.961],[132.536,33.982],[132.558,33.995],[132.541,33.961]]],[[[132.493,33.965],[132.503,33.989],[132.516,33.989],[132.493,33.965]]],[[[132.687,33.965],[132.688,33.976],[132.698,33.966],[132.687,33.965]]],[[[132.763,33.972],[132.761,33.974],[132.764,33.976],[132.763,33.972]]],[[[132.657,33.951],[132.649,33.96],[132.671,33.97],[132.674,33.952],[132.657,33.951]]],[[[132.529,33.926],[132.518,33.928],[132.553,33.937],[132.529,33.926]]],[[[132.56,33.926],[132.555,33.928],[132.561,33.927],[132.56,33.926]]],[[[132.669,33.871],[132.662,33.903],[132.652,33.899],[132.701,33.927],[132.672,33.894],[132.689,33.876],[132.669,33.871]]],[[[132.641,33.886],[132.637,33.895],[132.645,33.891],[132.641,33.886]]],[[[132.531,33.844],[132.518,33.851],[132.529,33.856],[132.531,33.844]]],[[[132.474,33.733],[132.475,33.737],[132.49,33.736],[132.474,33.733]]],[[[132.347,33.453],[132.344,33.457],[132.351,33.459],[132.347,33.453]]],[[[132.365,33.438],[132.357,33.439],[132.369,33.44],[132.365,33.438]]],[[[132.341,33.381],[132.335,33.391],[132.342,33.396],[132.341,33.381]]],[[[132.358,33.369],[132.343,33.377],[132.366,33.377],[132.358,33.369]]],[[[132.519,33.218],[132.516,33.24],[132.531,33.224],[132.519,33.218]]],[[[132.364,33.224],[132.356,33.229],[132.361,33.232],[132.364,33.224]]],[[[132.363,33.188],[132.345,33.206],[132.378,33.219],[132.363,33.188]]],[[[132.477,33.214],[132.482,33.219],[132.49,33.22],[132.477,33.214]]],[[[132.401,33.185],[132.4,33.206],[132.416,33.197],[132.401,33.185]]],[[[132.269,33.188],[132.261,33.189],[132.26,33.19],[132.269,33.188]]],[[[132.271,33.186],[132.27,33.188],[132.271,33.187],[132.271,33.186]]],[[[132.369,33.181],[132.366,33.187],[132.372,33.186],[132.369,33.181]]],[[[132.289,33.163],[132.263,33.181],[132.289,33.176],[132.289,33.163]]],[[[132.398,33.18],[132.4,33.183],[132.406,33.183],[132.398,33.18]]],[[[132.395,33.163],[132.392,33.163],[132.396,33.168],[132.395,33.163]]],[[[132.311,33.148],[132.287,33.159],[132.31,33.164],[132.311,33.148]]],[[[132.32,33.151],[132.337,33.161],[132.345,33.159],[132.32,33.151]]],[[[132.425,33.112],[132.418,33.112],[132.42,33.114],[132.425,33.112]]],[[[132.412,33.102],[132.411,33.109],[132.417,33.107],[132.412,33.102]]],[[[132.318,33.102],[132.319,33.108],[132.333,33.108],[132.318,33.102]]],[[[132.436,32.94],[132.446,32.947],[132.457,32.945],[132.436,32.94]]],[[[132.403,32.933],[132.404,32.946],[132.406,32.936],[132.403,32.933]]],[[[132.429,32.929],[132.431,32.932],[132.432,32.93],[132.429,32.929]]],[[[132.538,32.911],[132.536,32.912],[132.537,32.913],[132.538,32.911]]],[[[132.563,32.91],[132.558,32.911],[132.557,32.912],[132.563,32.91]]]]}},{"type":"Feature","properties":{"nam_ja":"奈良県","id":29},"geometry":{"type":"Polygon","coordinates":[[[135.712,34.781],[135.765,34.725],[135.849,34.707],[135.882,34.714],[135.922,34.755],[135.933,34.738],[135.975,34.741],[135.986,34.715],[136.019,34.708],[136.053,34.738],[136.067,34.719],[136.053,34.705],[136.082,34.67],[136.064,34.652],[136.043,34.661],[136.07,34.641],[136.048,34.583],[136.114,34.546],[136.136,34.558],[136.16,34.55],[136.178,34.517],[136.212,34.529],[136.229,34.494],[136.208,34.458],[136.098,34.436],[136.069,34.394],[136.129,34.316],[136.095,34.301],[136.13,34.253],[136.093,34.19],[136.112,34.164],[136.099,34.024],[136.019,34.036],[135.975,33.987],[135.915,33.972],[135.892,33.942],[135.908,33.923],[135.894,33.906],[135.866,33.921],[135.861,33.887],[135.882,33.879],[135.873,33.86],[135.848,33.896],[135.817,33.905],[135.762,33.887],[135.687,33.904],[135.618,33.872],[135.622,33.898],[135.6,33.908],[135.636,33.959],[135.636,33.991],[135.596,34.012],[135.58,34.057],[135.54,34.075],[135.59,34.149],[135.639,34.182],[135.648,34.219],[135.707,34.208],[135.729,34.234],[135.715,34.265],[135.673,34.281],[135.651,34.383],[135.675,34.4],[135.666,34.419],[135.686,34.451],[135.677,34.525],[135.65,34.545],[135.682,34.585],[135.65,34.609],[135.712,34.781]]]}},{"type":"Feature","properties":{"nam_ja":"島根県","id":32},"geometry":{"type":"MultiPolygon","coordinates":[[[[133.248,36.161],[133.252,36.172],[133.23,36.169],[133.245,36.19],[133.184,36.211],[133.18,36.29],[133.197,36.28],[133.195,36.301],[133.232,36.318],[133.224,36.328],[133.257,36.328],[133.282,36.348],[133.381,36.27],[133.376,36.231],[133.352,36.198],[133.339,36.196],[133.344,36.217],[133.306,36.2],[133.33,36.197],[133.339,36.173],[133.28,36.181],[133.248,36.161]]],[[[133.122,36.147],[133.122,36.149],[133.124,36.148],[133.122,36.147]]],[[[132.998,36.039],[132.946,36.067],[132.97,36.105],[133.005,36.108],[133.012,36.134],[133.091,36.139],[133.069,36.113],[133.044,36.112],[133.056,36.087],[133.046,36.062],[133.023,36.064],[133.005,36.106],[133.003,36.092],[132.979,36.089],[132.998,36.039]]],[[[133.17,36.134],[133.174,36.14],[133.179,36.138],[133.17,36.134]]],[[[133.068,36.035],[133.078,36.072],[133.064,36.101],[133.098,36.119],[133.132,36.111],[133.124,36.089],[133.146,36.08],[133.118,36.065],[133.096,36.072],[133.106,36.065],[133.068,36.035]]],[[[133.166,36.1],[133.156,36.104],[133.163,36.115],[133.166,36.1]]],[[[133.059,35.994],[133.057,36.005],[133.014,36.003],[133,36.028],[133.064,36.012],[133.059,35.994]]],[[[133.05,35.993],[133.047,36.001],[133.053,36.003],[133.05,35.993]]],[[[133.077,35.993],[133.075,36],[133.079,35.995],[133.077,35.993]]],[[[133.04,35.995],[133.037,35.997],[133.04,35.996],[133.04,35.995]]],[[[133.244,35.549],[133.2,35.534],[133.221,35.481],[133.302,35.435],[133.32,35.407],[133.323,35.377],[133.295,35.347],[133.31,35.268],[133.153,35.219],[133.194,35.17],[133.149,35.141],[133.141,35.081],[133.033,35.068],[132.987,35.101],[132.955,35.078],[132.872,35.102],[132.743,34.958],[132.689,34.952],[132.633,34.905],[132.7,34.882],[132.71,34.85],[132.697,34.843],[132.611,34.84],[132.544,34.798],[132.454,34.801],[132.435,34.821],[132.398,34.783],[132.372,34.801],[132.336,34.79],[132.318,34.801],[132.298,34.777],[132.267,34.802],[132.238,34.8],[132.221,34.75],[132.13,34.708],[132.159,34.685],[132.116,34.613],[132.13,34.598],[132.084,34.538],[132.053,34.53],[132.042,34.508],[132.068,34.468],[132.03,34.462],[131.997,34.428],[131.99,34.414],[132.013,34.372],[131.963,34.313],[131.919,34.337],[131.899,34.319],[131.887,34.327],[131.885,34.312],[131.822,34.305],[131.779,34.334],[131.767,34.363],[131.794,34.43],[131.711,34.43],[131.693,34.443],[131.699,34.474],[131.682,34.479],[131.669,34.511],[131.703,34.532],[131.704,34.559],[131.725,34.575],[131.718,34.612],[131.694,34.621],[131.69,34.676],[131.747,34.676],[131.844,34.709],[131.865,34.728],[131.865,34.753],[131.987,34.827],[132.014,34.86],[132.007,34.868],[132.053,34.872],[132.073,34.919],[132.112,34.953],[132.232,35.031],[132.309,35.057],[132.331,35.097],[132.386,35.129],[132.421,35.187],[132.544,35.259],[132.622,35.285],[132.664,35.337],[132.674,35.375],[132.671,35.401],[132.63,35.418],[132.629,35.435],[132.756,35.45],[132.727,35.47],[132.864,35.513],[132.965,35.515],[132.968,35.542],[133.027,35.539],[133.061,35.571],[133.048,35.577],[133.094,35.578],[133.093,35.598],[133.14,35.58],[133.129,35.577],[133.143,35.561],[133.226,35.581],[133.325,35.566],[133.244,35.549]]],[[[133.125,35.588],[133.119,35.589],[133.127,35.596],[133.125,35.588]]],[[[133.242,35.579],[133.235,35.579],[133.244,35.582],[133.242,35.579]]],[[[133.051,35.565],[133.049,35.567],[133.052,35.569],[133.051,35.565]]],[[[132.397,35.17],[132.395,35.17],[132.396,35.17],[132.397,35.17]]],[[[132.398,35.169],[132.397,35.17],[132.398,35.17],[132.398,35.169]]],[[[132.4,35.169],[132.398,35.17],[132.401,35.17],[132.4,35.169]]],[[[132.045,34.902],[132.05,34.906],[132.05,34.903],[132.045,34.902]]],[[[132.061,34.898],[132.058,34.902],[132.061,34.905],[132.061,34.898]]],[[[131.841,34.834],[131.829,34.837],[131.84,34.836],[131.841,34.834]]],[[[131.865,37.244],[131.867,37.241],[131.863,37.24],[131.865,37.244]]],[[[131.87,37.242],[131.87,37.238],[131.868,37.239],[131.87,37.242]]],[[[131.864,37.248],[131.865,37.247],[131.864,37.247],[131.864,37.248]]]]}},{"type":"Feature","properties":{"nam_ja":"岩手県","id":3},"geometry":{"type":"MultiPolygon","coordinates":[[[[141.582,40.374],[141.591,40.408],[141.683,40.451],[141.817,40.271],[141.833,40.225],[141.801,40.208],[141.813,40.19],[141.795,40.191],[141.876,40.144],[141.836,40.122],[141.829,40.087],[141.956,39.98],[141.961,39.946],[141.947,39.946],[141.943,39.926],[141.975,39.874],[141.993,39.753],[142.004,39.752],[141.972,39.731],[141.987,39.711],[141.969,39.692],[141.982,39.653],[141.946,39.599],[141.953,39.587],[141.964,39.594],[142.022,39.656],[142.032,39.574],[142.069,39.561],[142.057,39.522],[142.034,39.529],[142.011,39.5],[142.012,39.48],[141.975,39.482],[141.958,39.463],[141.973,39.441],[142.003,39.446],[142.037,39.483],[142.057,39.473],[142.044,39.425],[141.987,39.409],[141.976,39.427],[141.939,39.387],[141.965,39.369],[141.903,39.341],[141.915,39.325],[141.996,39.351],[141.978,39.32],[141.888,39.304],[141.928,39.272],[141.888,39.273],[141.903,39.257],[141.89,39.249],[141.971,39.249],[141.95,39.242],[141.945,39.217],[141.924,39.221],[141.891,39.198],[141.874,39.206],[141.868,39.195],[141.888,39.185],[141.923,39.181],[141.837,39.146],[141.873,39.117],[141.915,39.107],[141.884,39.09],[141.817,39.115],[141.811,39.104],[141.822,39.077],[141.876,39.065],[141.817,39.059],[141.851,39.032],[141.798,39.026],[141.797,39.038],[141.735,39.023],[141.74,39.055],[141.723,39.067],[141.71,39.025],[141.744,38.993],[141.717,38.998],[141.698,38.973],[141.725,38.958],[141.704,38.944],[141.667,38.983],[141.667,39.006],[141.629,39.003],[141.632,38.971],[141.568,38.996],[141.497,38.999],[141.486,38.987],[141.489,38.907],[141.451,38.877],[141.466,38.857],[141.45,38.837],[141.459,38.815],[141.437,38.813],[141.438,38.783],[141.416,38.769],[141.395,38.8],[141.317,38.823],[141.303,38.801],[141.27,38.794],[141.255,38.76],[141.217,38.75],[141.181,38.785],[141.14,38.79],[141.142,38.811],[141.109,38.825],[141.105,38.837],[141.146,38.856],[141.135,38.878],[140.986,38.876],[140.941,38.916],[140.826,38.964],[140.774,38.958],[140.764,39],[140.81,39.057],[140.753,39.089],[140.766,39.12],[140.75,39.14],[140.808,39.179],[140.767,39.209],[140.789,39.238],[140.695,39.3],[140.71,39.33],[140.658,39.399],[140.682,39.42],[140.683,39.458],[140.72,39.479],[140.714,39.494],[140.741,39.535],[140.731,39.566],[140.805,39.612],[140.816,39.646],[140.82,39.682],[140.777,39.733],[140.847,39.793],[140.787,39.824],[140.785,39.872],[140.826,39.887],[140.853,39.866],[140.878,39.875],[140.848,39.96],[140.845,40.074],[140.88,40.107],[140.867,40.131],[140.882,40.151],[140.86,40.17],[140.902,40.217],[140.942,40.228],[140.955,40.248],[140.98,40.22],[141.026,40.222],[141.105,40.257],[141.101,40.282],[141.215,40.315],[141.322,40.371],[141.351,40.334],[141.398,40.368],[141.408,40.358],[141.481,40.376],[141.53,40.351],[141.582,40.374]]],[[[141.988,39.669],[141.986,39.67],[141.987,39.672],[141.988,39.669]]],[[[142.038,39.419],[142.037,39.42],[142.04,39.42],[142.038,39.419]]],[[[141.997,39.4],[141.994,39.401],[142,39.407],[141.997,39.4]]],[[[141.986,39.304],[141.976,39.308],[141.988,39.306],[141.986,39.304]]],[[[141.71,38.938],[141.709,38.94],[141.712,38.939],[141.71,38.938]]]]}},{"type":"Feature","properties":{"nam_ja":"鳥取県","id":31},"geometry":{"type":"Polygon","coordinates":[[[134.37,35.615],[134.403,35.593],[134.424,35.551],[134.412,35.515],[134.44,35.443],[134.478,35.42],[134.472,35.378],[134.511,35.351],[134.512,35.285],[134.462,35.237],[134.427,35.232],[134.381,35.249],[134.321,35.202],[134.281,35.197],[134.26,35.21],[134.178,35.17],[134.153,35.195],[134.162,35.221],[134.137,35.239],[134.15,35.259],[134.134,35.283],[134.094,35.306],[134.01,35.308],[134,35.314],[134.014,35.345],[133.997,35.353],[133.932,35.334],[133.927,35.31],[133.86,35.288],[133.831,35.249],[133.747,35.318],[133.678,35.319],[133.596,35.345],[133.559,35.246],[133.505,35.229],[133.526,35.183],[133.504,35.192],[133.45,35.172],[133.402,35.183],[133.403,35.114],[133.326,35.094],[133.299,35.104],[133.29,35.072],[133.268,35.058],[133.24,35.079],[133.136,35.069],[133.146,35.133],[133.193,35.167],[133.182,35.201],[133.151,35.216],[133.251,35.259],[133.306,35.266],[133.295,35.347],[133.323,35.377],[133.314,35.42],[133.226,35.477],[133.199,35.525],[133.217,35.546],[133.258,35.55],[133.244,35.535],[133.251,35.516],[133.288,35.481],[133.41,35.455],[133.446,35.494],[133.567,35.53],[133.772,35.501],[134.002,35.531],[134.078,35.522],[134.247,35.552],[134.37,35.615]]]}},{"type":"Feature","properties":{"nam_ja":"徳島県","id":36},"geometry":{"type":"MultiPolygon","coordinates":[[[[134.591,34.214],[134.593,34.241],[134.615,34.247],[134.591,34.214]]],[[[134.622,34.186],[134.588,34.207],[134.61,34.205],[134.616,34.232],[134.637,34.234],[134.622,34.186]]],[[[134.44,34.208],[134.497,34.224],[134.568,34.222],[134.583,34.239],[134.594,34.196],[134.632,34.182],[134.604,34.12],[134.593,34.065],[134.603,34.052],[134.588,34.057],[134.592,34.012],[134.605,33.986],[134.643,34.003],[134.706,33.926],[134.677,33.884],[134.631,33.863],[134.645,33.866],[134.646,33.843],[134.69,33.852],[134.716,33.849],[134.684,33.834],[134.749,33.835],[134.58,33.77],[134.566,33.734],[134.543,33.737],[134.524,33.707],[134.403,33.66],[134.366,33.629],[134.383,33.615],[134.34,33.585],[134.362,33.581],[134.313,33.577],[134.314,33.546],[134.282,33.56],[134.195,33.561],[134.15,33.627],[134.177,33.644],[134.174,33.684],[134.056,33.694],[134.066,33.734],[134.032,33.828],[133.997,33.821],[133.987,33.837],[133.96,33.835],[133.941,33.799],[133.913,33.791],[133.873,33.806],[133.839,33.845],[133.747,33.837],[133.668,33.866],[133.66,33.882],[133.677,33.894],[133.687,33.916],[133.676,33.926],[133.692,33.946],[133.679,34.012],[133.72,34.022],[133.777,34.078],[133.813,34.073],[133.833,34.097],[133.936,34.115],[133.945,34.092],[133.991,34.073],[134.055,34.117],[134.128,34.123],[134.135,34.151],[134.169,34.175],[134.343,34.172],[134.349,34.185],[134.41,34.162],[134.428,34.167],[134.44,34.208]]],[[[134.674,33.86],[134.671,33.867],[134.678,33.869],[134.674,33.86]]],[[[134.654,33.854],[134.656,33.865],[134.664,33.861],[134.654,33.854]]],[[[134.71,33.853],[134.71,33.858],[134.714,33.857],[134.71,33.853]]],[[[134.81,33.84],[134.818,33.857],[134.819,33.843],[134.81,33.84]]],[[[134.729,33.847],[134.74,33.853],[134.741,33.85],[134.729,33.847]]],[[[134.799,33.842],[134.792,33.846],[134.796,33.848],[134.799,33.842]]],[[[134.804,33.839],[134.801,33.842],[134.804,33.844],[134.804,33.839]]],[[[134.497,33.63],[134.481,33.637],[134.485,33.645],[134.497,33.63]]],[[[134.449,33.637],[134.445,33.639],[134.45,33.639],[134.449,33.637]]],[[[134.423,33.629],[134.421,33.636],[134.426,33.633],[134.423,33.629]]],[[[134.321,33.54],[134.316,33.547],[134.324,33.541],[134.321,33.54]]]]}},{"type":"Feature","properties":{"nam_ja":"鹿児島県","id":46},"geometry":{"type":"MultiPolygon","coordinates":[[[[130.214,32.25],[130.218,32.287],[130.255,32.306],[130.268,32.28],[130.242,32.253],[130.214,32.25]]],[[[130.169,32.226],[130.158,32.244],[130.186,32.263],[130.169,32.226]]],[[[130.181,32.262],[130.179,32.262],[130.178,32.265],[130.181,32.262]]],[[[130.227,32.246],[130.222,32.253],[130.23,32.249],[130.227,32.246]]],[[[130.181,32.24],[130.18,32.241],[130.185,32.244],[130.181,32.24]]],[[[130.204,32.204],[130.188,32.223],[130.193,32.244],[130.204,32.204]]],[[[130.158,32.09],[130.111,32.126],[130.116,32.149],[130.09,32.18],[130.122,32.2],[130.106,32.215],[130.153,32.199],[130.166,32.225],[130.197,32.198],[130.181,32.176],[130.204,32.149],[130.184,32.141],[130.158,32.09]]],[[[130.179,32.225],[130.179,32.228],[130.181,32.227],[130.179,32.225]]],[[[130.216,32.224],[130.215,32.225],[130.219,32.228],[130.216,32.224]]],[[[130.591,32.186],[130.72,32.101],[130.702,32.058],[130.777,32.014],[130.805,31.95],[130.857,31.937],[130.911,31.887],[130.875,31.843],[130.876,31.815],[130.99,31.775],[130.977,31.753],[131.016,31.745],[131.023,31.674],[131.048,31.64],[131.078,31.66],[131.122,31.63],[131.169,31.634],[131.188,31.623],[131.204,31.579],[131.188,31.557],[131.199,31.514],[131.176,31.505],[131.163,31.47],[131.112,31.473],[131.074,31.455],[131.02,31.395],[131.014,31.365],[131.103,31.334],[131.104,31.312],[131.075,31.281],[131.129,31.285],[131.122,31.271],[131.066,31.228],[131.006,31.216],[130.984,31.18],[130.995,31.17],[130.96,31.137],[130.744,31.059],[130.666,30.997],[130.656,31.001],[130.678,31.053],[130.663,31.081],[130.747,31.139],[130.766,31.18],[130.753,31.21],[130.785,31.247],[130.802,31.337],[130.747,31.433],[130.706,31.458],[130.697,31.555],[130.636,31.546],[130.591,31.59],[130.622,31.618],[130.695,31.625],[130.719,31.562],[130.706,31.557],[130.764,31.562],[130.822,31.656],[130.794,31.702],[130.73,31.709],[130.73,31.723],[130.687,31.735],[130.622,31.708],[130.609,31.683],[130.618,31.659],[130.561,31.596],[130.558,31.546],[130.521,31.509],[130.53,31.484],[130.52,31.492],[130.518,31.471],[130.532,31.47],[130.515,31.464],[130.523,31.42],[130.534,31.395],[130.557,31.386],[130.547,31.38],[130.57,31.314],[130.661,31.26],[130.656,31.223],[130.629,31.207],[130.64,31.206],[130.635,31.186],[130.594,31.179],[130.586,31.156],[130.563,31.176],[130.52,31.165],[130.506,31.178],[130.508,31.213],[130.462,31.25],[130.35,31.251],[130.287,31.269],[130.281,31.253],[130.214,31.253],[130.225,31.278],[130.199,31.297],[130.225,31.305],[130.209,31.322],[130.176,31.322],[130.209,31.344],[130.131,31.411],[130.107,31.409],[130.158,31.44],[130.186,31.41],[130.189,31.42],[130.225,31.402],[130.272,31.426],[130.332,31.555],[130.315,31.658],[130.252,31.731],[130.194,31.748],[130.169,31.789],[130.223,31.911],[130.209,31.969],[130.175,31.992],[130.204,32.052],[130.197,32.077],[130.172,32.078],[130.175,32.105],[130.223,32.128],[130.266,32.128],[130.302,32.108],[130.351,32.136],[130.358,32.162],[130.402,32.124],[130.465,32.119],[130.476,32.139],[130.539,32.137],[130.541,32.149],[130.581,32.155],[130.591,32.186]]],[[[130.157,32.086],[130.156,32.087],[130.157,32.087],[130.157,32.086]]],[[[130.161,32.032],[130.162,32.037],[130.162,32.036],[130.161,32.032]]],[[[130.165,32.021],[130.162,32.027],[130.169,32.026],[130.165,32.021]]],[[[129.871,31.801],[129.841,31.85],[129.864,31.859],[129.823,31.842],[129.835,31.882],[129.909,31.843],[129.907,31.87],[129.929,31.866],[129.927,31.821],[129.903,31.825],[129.871,31.801]]],[[[129.931,31.866],[129.936,31.87],[129.939,31.868],[129.931,31.866]]],[[[129.958,31.864],[129.958,31.867],[129.963,31.866],[129.958,31.864]]],[[[129.976,31.861],[129.974,31.862],[129.977,31.862],[129.976,31.861]]],[[[129.84,31.82],[129.835,31.825],[129.844,31.829],[129.84,31.82]]],[[[129.828,31.775],[129.81,31.799],[129.838,31.819],[129.845,31.801],[129.825,31.79],[129.828,31.775]]],[[[129.713,31.622],[129.697,31.634],[129.685,31.623],[129.659,31.65],[129.677,31.661],[129.696,31.715],[129.771,31.74],[129.788,31.769],[129.781,31.791],[129.803,31.782],[129.769,31.713],[129.738,31.704],[129.725,31.661],[129.735,31.657],[129.713,31.622]]],[[[130.713,31.699],[130.711,31.701],[130.713,31.701],[130.713,31.699]]],[[[130.721,31.614],[130.723,31.621],[130.724,31.62],[130.721,31.614]]],[[[131.118,31.425],[131.114,31.428],[131.116,31.434],[131.118,31.425]]],[[[131.025,31.363],[131.021,31.376],[131.032,31.377],[131.025,31.363]]],[[[130.162,31.35],[130.158,31.355],[130.168,31.363],[130.162,31.35]]],[[[130.675,31.272],[130.676,31.28],[130.681,31.277],[130.675,31.272]]],[[[129.475,31.195],[129.468,31.205],[129.471,31.211],[129.475,31.195]]],[[[129.434,31.176],[129.445,31.2],[129.447,31.177],[129.434,31.176]]],[[[130.672,30.996],[130.67,30.996],[130.672,30.998],[130.672,30.996]]],[[[129.468,30.859],[129.461,30.859],[129.464,30.862],[129.468,30.859]]],[[[129.93,30.812],[129.904,30.837],[129.938,30.851],[129.962,30.835],[129.93,30.812]]],[[[129.427,30.841],[129.427,30.844],[129.433,30.848],[129.427,30.841]]],[[[130.948,30.635],[130.948,30.68],[130.992,30.725],[131.002,30.784],[131.053,30.837],[131.08,30.793],[131.076,30.702],[131.027,30.555],[131,30.548],[130.962,30.48],[130.98,30.398],[130.967,30.394],[130.967,30.372],[130.872,30.344],[130.857,30.369],[130.863,30.42],[130.849,30.463],[130.872,30.466],[130.929,30.544],[130.95,30.587],[130.948,30.635]]],[[[130.442,30.8],[130.399,30.807],[130.426,30.819],[130.442,30.8]]],[[[130.277,30.772],[130.264,30.791],[130.302,30.808],[130.32,30.795],[130.277,30.772]]],[[[130.339,30.802],[130.337,30.803],[130.341,30.804],[130.339,30.802]]],[[[130.851,30.725],[130.836,30.727],[130.852,30.761],[130.866,30.742],[130.851,30.725]]],[[[130.21,30.421],[130.195,30.46],[130.169,30.457],[130.146,30.484],[130.189,30.472],[130.199,30.482],[130.265,30.443],[130.21,30.421]]],[[[130.522,30.226],[130.431,30.249],[130.376,30.372],[130.379,30.388],[130.426,30.402],[130.458,30.432],[130.469,30.461],[130.49,30.454],[130.492,30.465],[130.669,30.377],[130.65,30.295],[130.582,30.239],[130.522,30.226]]],[[[130.969,30.42],[130.968,30.42],[130.968,30.421],[130.969,30.42]]],[[[129.931,29.949],[129.91,29.96],[129.908,30.001],[129.942,29.968],[129.931,29.949]]],[[[129.542,29.893],[129.53,29.915],[129.552,29.903],[129.542,29.893]]],[[[129.619,29.877],[129.617,29.885],[129.62,29.885],[129.619,29.877]]],[[[129.872,29.816],[129.837,29.85],[129.849,29.883],[129.891,29.866],[129.916,29.824],[129.872,29.816]]],[[[129.535,29.676],[129.524,29.686],[129.533,29.696],[129.535,29.676]]],[[[129.706,29.602],[129.684,29.654],[129.737,29.672],[129.737,29.637],[129.706,29.602]]],[[[129.604,29.445],[129.587,29.459],[129.601,29.475],[129.617,29.456],[129.604,29.445]]],[[[129.343,29.224],[129.342,29.23],[129.348,29.227],[129.343,29.224]]],[[[129.326,29.218],[129.318,29.224],[129.328,29.228],[129.326,29.218]]],[[[129.22,29.127],[129.186,29.151],[129.219,29.157],[129.22,29.127]]],[[[129,28.827],[128.996,28.833],[129.001,28.836],[129,28.827]]],[[[128.995,28.792],[128.972,28.8],[128.993,28.806],[128.995,28.792]]],[[[129.645,28.433],[129.651,28.422],[129.649,28.46],[129.665,28.438],[129.67,28.468],[129.645,28.498],[129.688,28.53],[129.694,28.49],[129.719,28.461],[129.708,28.421],[129.664,28.398],[129.616,28.4],[129.565,28.337],[129.535,28.33],[129.543,28.31],[129.455,28.293],[129.458,28.265],[129.412,28.249],[129.475,28.209],[129.402,28.191],[129.402,28.156],[129.345,28.171],[129.377,28.117],[129.368,28.11],[129.357,28.135],[129.332,28.129],[129.295,28.148],[129.281,28.197],[129.267,28.181],[129.272,28.207],[129.294,28.219],[129.26,28.216],[129.275,28.232],[129.255,28.233],[129.25,28.211],[129.183,28.221],[129.135,28.252],[129.18,28.27],[129.212,28.253],[129.224,28.273],[129.247,28.252],[129.292,28.284],[129.265,28.289],[129.249,28.275],[129.21,28.306],[129.3,28.329],[129.343,28.369],[129.366,28.354],[129.386,28.373],[129.408,28.362],[129.394,28.384],[129.442,28.382],[129.455,28.411],[129.494,28.402],[129.495,28.385],[129.522,28.399],[129.516,28.43],[129.54,28.459],[129.556,28.448],[129.612,28.477],[129.62,28.467],[129.592,28.42],[129.616,28.448],[129.628,28.446],[129.622,28.416],[129.645,28.433]]],[[[129.945,28.274],[129.917,28.292],[129.919,28.32],[130.008,28.375],[130.029,28.371],[130.033,28.356],[130.005,28.339],[129.977,28.287],[129.945,28.274]]],[[[129.207,28.282],[129.181,28.301],[129.212,28.296],[129.221,28.284],[129.207,28.282]]],[[[129.317,28.061],[129.315,28.096],[129.285,28.084],[129.284,28.062],[129.247,28.109],[129.221,28.078],[129.209,28.085],[129.215,28.136],[129.184,28.16],[129.174,28.187],[129.23,28.198],[129.235,28.188],[129.211,28.185],[129.211,28.163],[129.237,28.151],[129.264,28.17],[129.274,28.151],[129.244,28.142],[129.257,28.145],[129.248,28.128],[129.269,28.14],[129.26,28.118],[129.281,28.122],[129.289,28.109],[129.301,28.121],[129.316,28.105],[129.34,28.118],[129.347,28.097],[129.317,28.061]]],[[[129.169,28.191],[129.164,28.192],[129.169,28.198],[129.169,28.191]]],[[[129.149,28.127],[129.146,28.127],[129.148,28.131],[129.149,28.127]]],[[[129.173,28.109],[129.159,28.12],[129.168,28.12],[129.173,28.109]]],[[[129.148,28.013],[129.164,28.063],[129.165,28.022],[129.148,28.013]]],[[[129.257,28.005],[129.205,28.033],[129.213,28.054],[129.235,28.03],[129.264,28.037],[129.257,28.005]]],[[[129.277,28.019],[129.272,28.02],[129.273,28.026],[129.277,28.019]]],[[[129.254,28.001],[129.255,28.003],[129.256,28.001],[129.254,28.001]]],[[[128.902,27.753],[128.879,27.837],[128.891,27.883],[128.965,27.892],[128.966,27.822],[129.037,27.762],[129.016,27.714],[128.986,27.67],[128.936,27.661],[128.881,27.72],[128.902,27.753]]],[[[128.576,27.401],[128.708,27.439],[128.635,27.365],[128.566,27.328],[128.519,27.372],[128.527,27.398],[128.576,27.401]]],[[[128.443,27.019],[128.396,27.05],[128.439,27.065],[128.456,27.027],[128.443,27.019]]],[[[129.74,31.309],[129.741,31.308],[129.74,31.308],[129.74,31.309]]],[[[129.418,31.173],[129.419,31.172],[129.417,31.171],[129.418,31.173]]],[[[129.423,31.137],[129.423,31.135],[129.422,31.136],[129.423,31.137]]],[[[129.739,31.307],[129.74,31.307],[129.74,31.306],[129.739,31.307]]],[[[129.417,31.173],[129.417,31.172],[129.416,31.172],[129.417,31.173]]],[[[129.425,30.832],[129.425,30.829],[129.423,30.83],[129.425,30.832]]],[[[129.427,30.838],[129.426,30.84],[129.43,30.839],[129.427,30.838]]]]}},{"type":"Feature","properties":{"nam_ja":"新潟県","id":15},"geometry":{"type":"MultiPolygon","coordinates":[[[[139.548,38.553],[139.599,38.523],[139.714,38.499],[139.725,38.489],[139.71,38.388],[139.723,38.394],[139.733,38.372],[139.772,38.354],[139.844,38.344],[139.898,38.281],[139.865,38.238],[139.787,38.193],[139.713,38.207],[139.684,38.173],[139.692,38.118],[139.673,38.078],[139.689,38.053],[139.656,38.036],[139.629,37.894],[139.679,37.851],[139.711,37.855],[139.742,37.818],[139.658,37.755],[139.624,37.71],[139.627,37.689],[139.552,37.65],[139.585,37.513],[139.475,37.503],[139.457,37.518],[139.428,37.514],[139.398,37.46],[139.362,37.47],[139.223,37.449],[139.198,37.412],[139.232,37.38],[139.234,37.344],[139.212,37.286],[139.165,37.238],[139.197,37.194],[139.221,37.209],[139.245,37.177],[139.237,37.1],[139.258,37.048],[139.244,36.947],[139.228,36.961],[139.186,36.96],[139.172,37],[139.097,37.059],[139.081,37.01],[139.047,36.987],[138.97,36.981],[138.979,36.891],[138.93,36.887],[138.916,36.851],[138.93,36.837],[138.822,36.817],[138.821,36.764],[138.789,36.745],[138.735,36.763],[138.696,36.739],[138.671,36.782],[138.696,36.808],[138.691,36.857],[138.589,36.914],[138.586,36.987],[138.566,37.021],[138.514,37.03],[138.4,36.997],[138.343,36.921],[138.298,36.913],[138.289,36.847],[138.275,36.841],[138.259,36.863],[138.214,36.868],[138.174,36.847],[138.094,36.841],[138.053,36.8],[138.008,36.823],[138.032,36.89],[138.014,36.904],[137.869,36.916],[137.862,36.892],[137.877,36.871],[137.831,36.809],[137.783,36.774],[137.75,36.779],[137.711,36.945],[137.686,36.944],[137.641,36.975],[137.909,37.06],[138.051,37.13],[138.102,37.174],[138.149,37.162],[138.245,37.182],[138.252,37.205],[138.247,37.189],[138.434,37.32],[138.554,37.378],[138.617,37.484],[138.712,37.558],[138.747,37.604],[138.8,37.752],[138.84,37.814],[139.062,37.945],[139.23,37.995],[139.372,38.106],[139.422,38.17],[139.45,38.239],[139.457,38.395],[139.548,38.553]]],[[[139.222,38.437],[139.256,38.491],[139.255,38.464],[139.222,38.437]]],[[[138.485,38.333],[138.481,38.334],[138.483,38.337],[138.485,38.333]]],[[[138.245,37.803],[138.207,37.821],[138.272,37.852],[138.285,37.92],[138.338,37.958],[138.34,37.978],[138.286,38.007],[138.255,37.965],[138.23,37.979],[138.221,38.022],[138.235,38.025],[138.242,38.087],[138.326,38.194],[138.439,38.266],[138.464,38.317],[138.505,38.332],[138.518,38.325],[138.493,38.204],[138.451,38.148],[138.435,38.086],[138.482,38.062],[138.572,38.079],[138.546,38.008],[138.47,37.897],[138.355,37.83],[138.245,37.803]]],[[[138.24,38.084],[138.24,38.087],[138.241,38.087],[138.24,38.084]]],[[[139.25,38.496],[139.25,38.495],[139.249,38.495],[139.25,38.496]]]]}},{"type":"Feature","properties":{"nam_ja":"高知県","id":39},"geometry":{"type":"MultiPolygon","coordinates":[[[[133.583,33.868],[133.646,33.883],[133.755,33.837],[133.839,33.845],[133.913,33.791],[133.948,33.806],[133.96,33.835],[134.024,33.826],[134.055,33.783],[134.07,33.711],[134.057,33.691],[134.174,33.684],[134.184,33.649],[134.158,33.632],[134.156,33.612],[134.174,33.608],[134.194,33.565],[134.306,33.553],[134.21,33.394],[134.181,33.25],[134.138,33.296],[134.112,33.294],[134.102,33.327],[134.033,33.378],[134.031,33.412],[133.959,33.442],[133.934,33.487],[133.755,33.52],[133.756,33.532],[133.729,33.538],[133.57,33.503],[133.563,33.551],[133.546,33.518],[133.559,33.498],[133.577,33.501],[133.457,33.446],[133.406,33.447],[133.355,33.42],[133.401,33.414],[133.412,33.434],[133.443,33.435],[133.457,33.42],[133.378,33.394],[133.343,33.399],[133.32,33.36],[133.321,33.375],[133.289,33.382],[133.295,33.401],[133.258,33.341],[133.231,33.324],[133.253,33.313],[133.24,33.299],[133.256,33.226],[133.21,33.183],[133.216,33.151],[133.191,33.167],[133.17,33.15],[133.142,33.099],[133.111,33.079],[133.094,33.031],[133.046,33.038],[133.011,33.015],[132.992,32.952],[133.009,32.882],[132.993,32.862],[132.949,32.856],[132.952,32.813],[133.001,32.783],[133.022,32.726],[132.973,32.732],[132.952,32.759],[132.969,32.777],[132.945,32.765],[132.939,32.785],[132.889,32.79],[132.869,32.766],[132.867,32.787],[132.855,32.786],[132.794,32.747],[132.751,32.759],[132.717,32.798],[132.628,32.764],[132.644,32.787],[132.631,32.795],[132.656,32.801],[132.644,32.82],[132.671,32.84],[132.664,32.859],[132.695,32.886],[132.715,32.882],[132.704,32.895],[132.72,32.902],[132.71,32.922],[132.658,32.923],[132.687,32.968],[132.683,33.003],[132.66,33.055],[132.663,33.109],[132.629,33.132],[132.619,33.181],[132.635,33.186],[132.695,33.138],[132.741,33.201],[132.769,33.204],[132.793,33.275],[132.895,33.312],[132.895,33.349],[132.861,33.367],[132.806,33.46],[132.83,33.474],[132.956,33.466],[133.015,33.481],[133.063,33.543],[133.049,33.586],[133.076,33.607],[133.077,33.653],[133.116,33.66],[133.126,33.698],[133.193,33.794],[133.221,33.78],[133.246,33.789],[133.277,33.831],[133.326,33.815],[133.355,33.834],[133.391,33.825],[133.415,33.84],[133.497,33.829],[133.539,33.877],[133.583,33.868]]],[[[134.297,33.537],[134.297,33.54],[134.3,33.539],[134.297,33.537]]],[[[134.312,33.537],[134.308,33.539],[134.313,33.539],[134.312,33.537]]],[[[133.302,33.357],[133.298,33.361],[133.304,33.363],[133.302,33.357]]],[[[133.311,33.356],[133.305,33.357],[133.31,33.358],[133.311,33.356]]],[[[133.322,33.347],[133.319,33.352],[133.323,33.35],[133.322,33.347]]],[[[132.705,32.92],[132.703,32.92],[132.702,32.922],[132.705,32.92]]],[[[132.664,32.917],[132.663,32.92],[132.665,32.918],[132.664,32.917]]],[[[132.657,32.914],[132.652,32.915],[132.656,32.918],[132.657,32.914]]],[[[132.696,32.91],[132.687,32.918],[132.699,32.917],[132.696,32.91]]],[[[132.482,32.796],[132.495,32.805],[132.496,32.797],[132.482,32.796]]],[[[132.618,32.766],[132.628,32.773],[132.628,32.768],[132.618,32.766]]],[[[132.543,32.702],[132.542,32.735],[132.557,32.748],[132.571,32.717],[132.543,32.702]]],[[[132.602,32.745],[132.598,32.745],[132.6,32.748],[132.602,32.745]]],[[[132.483,32.734],[132.488,32.743],[132.493,32.74],[132.483,32.734]]]]}},{"type":"Feature","properties":{"nam_ja":"宮崎県","id":45},"geometry":{"type":"MultiPolygon","coordinates":[[[[131.508,32.774],[131.56,32.755],[131.592,32.775],[131.708,32.772],[131.735,32.829],[131.769,32.837],[131.793,32.822],[131.855,32.823],[131.847,32.736],[131.885,32.746],[131.849,32.719],[131.85,32.693],[131.817,32.704],[131.79,32.668],[131.779,32.674],[131.755,32.645],[131.77,32.643],[131.756,32.61],[131.708,32.587],[131.683,32.544],[131.683,32.513],[131.709,32.516],[131.724,32.49],[131.687,32.469],[131.678,32.483],[131.655,32.473],[131.643,32.44],[131.663,32.449],[131.671,32.437],[131.673,32.454],[131.678,32.43],[131.657,32.428],[131.68,32.424],[131.642,32.407],[131.627,32.345],[131.583,32.287],[131.463,31.914],[131.481,31.92],[131.462,31.907],[131.452,31.837],[131.482,31.786],[131.456,31.696],[131.468,31.686],[131.451,31.67],[131.469,31.645],[131.381,31.546],[131.384,31.51],[131.372,31.507],[131.385,31.481],[131.362,31.47],[131.371,31.431],[131.332,31.395],[131.344,31.362],[131.326,31.364],[131.303,31.388],[131.247,31.385],[131.244,31.42],[131.204,31.454],[131.167,31.459],[131.163,31.485],[131.2,31.53],[131.188,31.557],[131.204,31.579],[131.188,31.617],[131.159,31.637],[131.115,31.63],[131.072,31.658],[131.056,31.634],[131.025,31.666],[131.016,31.745],[130.98,31.751],[130.99,31.775],[130.881,31.813],[130.904,31.885],[130.879,31.922],[130.805,31.95],[130.777,32.014],[130.703,32.069],[130.727,32.102],[130.857,32.1],[130.901,32.132],[130.972,32.121],[131.013,32.174],[131.058,32.155],[131.108,32.16],[131.071,32.237],[131.042,32.25],[131.049,32.279],[131.085,32.291],[131.107,32.325],[131.074,32.357],[131.07,32.398],[131.037,32.417],[131.015,32.453],[131.017,32.545],[131.054,32.588],[131.104,32.579],[131.119,32.606],[131.114,32.639],[131.143,32.676],[131.175,32.673],[131.18,32.708],[131.231,32.744],[131.247,32.801],[131.276,32.829],[131.34,32.833],[131.359,32.804],[131.474,32.837],[131.517,32.8],[131.508,32.774]]],[[[131.844,32.681],[131.841,32.684],[131.844,32.686],[131.844,32.681]]],[[[131.825,32.656],[131.806,32.666],[131.828,32.668],[131.825,32.656]]],[[[131.822,32.654],[131.821,32.655],[131.822,32.655],[131.822,32.654]]],[[[131.703,32.473],[131.703,32.475],[131.704,32.475],[131.703,32.473]]],[[[131.665,32.464],[131.667,32.47],[131.669,32.464],[131.665,32.464]]],[[[131.729,32.463],[131.73,32.466],[131.732,32.464],[131.729,32.463]]],[[[131.473,31.737],[131.469,31.739],[131.471,31.74],[131.473,31.737]]],[[[131.417,31.512],[131.402,31.53],[131.408,31.541],[131.417,31.512]]],[[[131.388,31.501],[131.389,31.503],[131.389,31.503],[131.388,31.501]]],[[[131.39,31.473],[131.387,31.477],[131.39,31.479],[131.39,31.473]]],[[[131.377,31.449],[131.372,31.451],[131.377,31.456],[131.377,31.449]]]]}},{"type":"Feature","properties":{"nam_ja":"神奈川県","id":14},"geometry":{"type":"MultiPolygon","coordinates":[[[[139.131,35.672],[139.18,35.646],[139.216,35.646],[139.253,35.602],[139.282,35.613],[139.399,35.584],[139.469,35.505],[139.482,35.503],[139.487,35.536],[139.473,35.576],[139.501,35.569],[139.454,35.618],[139.496,35.605],[139.535,35.64],[139.665,35.589],[139.702,35.537],[139.758,35.544],[139.79,35.527],[139.791,35.508],[139.761,35.53],[139.752,35.525],[139.766,35.513],[139.738,35.515],[139.749,35.508],[139.733,35.512],[139.696,35.484],[139.689,35.495],[139.676,35.47],[139.645,35.476],[139.633,35.452],[139.669,35.449],[139.676,35.431],[139.686,35.442],[139.67,35.403],[139.632,35.411],[139.642,35.407],[139.622,35.396],[139.653,35.387],[139.657,35.373],[139.657,35.342],[139.622,35.332],[139.661,35.328],[139.639,35.302],[139.655,35.285],[139.672,35.301],[139.687,35.271],[139.741,35.259],[139.727,35.24],[139.718,35.247],[139.725,35.212],[139.657,35.185],[139.681,35.146],[139.618,35.139],[139.627,35.163],[139.605,35.203],[139.628,35.215],[139.545,35.308],[139.484,35.298],[139.438,35.319],[139.33,35.312],[139.211,35.278],[139.15,35.239],[139.137,35.179],[139.156,35.147],[139.031,35.15],[139.021,35.182],[138.989,35.201],[138.976,35.245],[139.019,35.33],[139.002,35.399],[138.916,35.401],[138.954,35.46],[139.024,35.481],[139.113,35.537],[139.129,35.564],[139.118,35.653],[139.131,35.672]]],[[[139.746,35.485],[139.736,35.494],[139.779,35.499],[139.746,35.485]]],[[[139.715,35.486],[139.734,35.495],[139.742,35.478],[139.713,35.464],[139.715,35.486]]],[[[139.653,35.463],[139.645,35.469],[139.65,35.474],[139.653,35.463]]],[[[139.696,35.45],[139.673,35.465],[139.693,35.472],[139.696,35.45]]],[[[139.645,35.451],[139.638,35.453],[139.643,35.458],[139.645,35.451]]],[[[139.675,35.4],[139.671,35.403],[139.689,35.413],[139.675,35.4]]],[[[139.691,35.401],[139.691,35.401],[139.695,35.407],[139.691,35.401]]],[[[139.643,35.334],[139.643,35.338],[139.648,35.339],[139.643,35.334]]],[[[139.65,35.294],[139.65,35.305],[139.657,35.303],[139.65,35.294]]],[[[139.63,35.129],[139.61,35.134],[139.622,35.137],[139.63,35.129]]]]}}]}